D_1,T_1,T_2,Value
D1003,P32,P33,0.8619186046511628
D1007,P32,P33,0.8619186046511628
D1022,P361,P776,0.9688346883468835
D1033,P361,P776,0.9688346883468835
D1035,P173,P10,0.9994877049180328
D1035,P173,P13,0.9994877049180328
D1035,P173,P901,0.9989754098360656
D1036,P259,P421,0.8890876565295169
D1036,P299,P312,0.8139183055975794
D1036,P341,P269,0.8496192893401016
D1036,P341,P410,0.8672955974842766
D1036,P341,P460,0.8419654714475431
D1036,P521,P407,0.8526570048309179
D1036,P653,P396,0.8411588411588411
D1037,P257,P405,0.8506711409395973
D1037,P405,P257,0.8506711409395973
D1037,P515,P461,0.8568075117370892
D1037,P515,P501,0.8555304740406321
D1038,P25,P1058,0.9991735537190083
D1038,P25,P1144,0.9995867768595041
D1038,P25,P1160,0.9995867768595041
D1038,P25,P1229,0.9991735537190083
D1038,P25,P1236,0.9987603305785124
D1038,P25,P168,0.9995867768595041
D1038,P25,P876,0.9991735537190083
D1038,P25,P984,0.9991735537190083
D1039,P173,P10,0.9994877049180328
D1039,P173,P13,0.9994877049180328
D1039,P173,P901,0.9989754098360656
D1040,P284,P384,0.8254364089775561
D1041,P173,P10,0.9994877049180328
D1041,P173,P13,0.9994877049180328
D1041,P173,P901,0.9989754098360656
D1043,P346,P391,0.9125
D1043,P391,P346,0.9125
D1043,P451,P172,0.8612167300380228
D1043,P451,P432,0.822265625
D1043,P451,P49,0.8427734375
D1043,P451,P577,0.8026070763500931
D1043,P655,P296,0.847980997624703
D1044,P448,P529,0.8114754098360656
D1044,P448,P56,0.8836065573770492
D1044,P448,P834,0.8098360655737704
D1046,P401,P302,0.847752808988764
D1046,P401,P311,0.8634868421052632
D1046,P442,P264,0.8972789115646258
D1046,P442,P434,0.8751677852348994
D1046,P442,P829,0.9108108108108108
D1046,P52,P176,0.8388077858880778
D1046,P52,P499,0.8362282878411911
D1046,P52,P51,0.8532277710109624
D1048,P173,P10,0.9994877049180328
D1048,P173,P13,0.9994877049180328
D1048,P173,P901,0.9989754098360656
D1048,P45,P1244,0.9415929203539823
D1048,P45,P30,0.9995575221238939
D1048,P45,P450,0.8083756345177665
D1048,P45,P46,0.9415929203539823
D1049,P432,P172,0.8298479087452473
D1049,P432,P44,0.8030018761726079
D1049,P432,P451,0.822265625
D1049,P432,P47,0.802063789868668
D1049,P432,P48,0.802063789868668
D1049,P432,P49,0.8241650294695482
D1049,P432,P577,0.8044692737430168
D1049,P432,P80,0.8022388059701493
D1050,P392,P300,0.8212209302325582
D1051,P25,P1058,0.9991735537190083
D1051,P25,P1144,0.9995867768595041
D1051,P25,P1160,0.9995867768595041
D1051,P25,P1229,0.9991735537190083
D1051,P25,P1236,0.9987603305785124
D1051,P25,P168,0.9995867768595041
D1051,P25,P876,0.9991735537190083
D1051,P25,P984,0.9991735537190083
D1051,P405,P257,0.8506711409395973
D1051,P451,P172,0.8612167300380228
D1051,P451,P432,0.822265625
D1051,P451,P49,0.8427734375
D1051,P451,P577,0.8026070763500931
D1051,P491,P1084,0.8024875621890547
D1051,P491,P475,0.8049751243781095
D1051,P491,P490,0.8034825870646767
D1051,P491,P492,0.8085824493731919
D1051,P493,P453,0.8125633232016211
D1051,P493,P507,0.8201402805611222
D1053,P25,P1058,0.9991735537190083
D1053,P25,P1144,0.9995867768595041
D1053,P25,P1160,0.9995867768595041
D1053,P25,P1229,0.9991735537190083
D1053,P25,P1236,0.9987603305785124
D1053,P25,P168,0.9995867768595041
D1053,P25,P876,0.9991735537190083
D1053,P25,P984,0.9991735537190083
D1053,P384,P284,0.8254364089775561
D1053,P52,P176,0.8388077858880778
D1053,P52,P499,0.8362282878411911
D1053,P52,P51,0.8532277710109624
D1055,P173,P10,0.9994877049180328
D1055,P173,P13,0.9994877049180328
D1055,P173,P901,0.9989754098360656
D1055,P32,P33,0.8619186046511628
D1055,P33,P32,0.8619186046511628
D1057,P173,P10,0.9994877049180328
D1057,P173,P13,0.9994877049180328
D1057,P173,P901,0.9989754098360656
D1057,P25,P1058,0.9991735537190083
D1057,P25,P1144,0.9995867768595041
D1057,P25,P1160,0.9995867768595041
D1057,P25,P1229,0.9991735537190083
D1057,P25,P1236,0.9987603305785124
D1057,P25,P168,0.9995867768595041
D1057,P25,P876,0.9991735537190083
D1057,P25,P984,0.9991735537190083
D1057,P271,P355,0.851470588235294
D1057,P271,P369,0.8536764705882354
D1057,P45,P1244,0.9415929203539823
D1057,P45,P30,0.9995575221238939
D1057,P45,P450,0.8083756345177665
D1057,P45,P46,0.9415929203539823
D1059,P264,P434,0.8812080536912752
D1059,P264,P442,0.8972789115646258
D1059,P264,P829,0.9087837837837838
D1060,P453,P1084,0.8079268292682926
D1060,P453,P449,0.8554502369668247
D1060,P453,P475,0.8199797160243407
D1060,P453,P490,0.8089430894308943
D1060,P453,P493,0.8125633232016211
D1060,P453,P507,0.8607214428857716
D1060,P577,P172,0.8165735567970205
D1060,P577,P426,0.8677839851024208
D1060,P577,P432,0.8044692737430168
D1060,P577,P44,0.8696461824953445
D1060,P577,P451,0.8026070763500931
D1060,P577,P47,0.8687150837988826
D1060,P577,P48,0.8687150837988826
D1060,P577,P576,0.8867403314917127
D1060,P577,P80,0.866852886405959
D1061,P171,P606,0.8004672897196261
D1061,P284,P384,0.8254364089775561
D1061,P384,P284,0.8254364089775561
D1063,P264,P434,0.8812080536912752
D1063,P264,P442,0.8972789115646258
D1063,P264,P829,0.9087837837837838
D1064,P456,P505,0.8320235756385068
D1064,P503,P523,0.8538011695906433
D1064,P76,P197,0.8256445047489824
D1065,P188,P1129,0.8692946058091287
D1065,P188,P192,0.8868131868131869
D1065,P188,P193,0.8744588744588744
D1065,P188,P249,0.9868995633187774
D1065,P188,P250,0.8733766233766234
D1066,P185,P186,0.8790496760259179
D1066,P185,P187,0.8217636022514071
D1066,P185,P218,0.9913606911447084
D1066,P185,P236,0.8259615384615384
D1066,P186,P185,0.8790496760259179
D1066,P186,P187,0.8339587242026266
D1066,P186,P218,0.8790496760259179
D1066,P186,P236,0.8403846153846154
D1067,P284,P384,0.8254364089775561
D1067,P32,P33,0.8619186046511628
D1068,P197,P76,0.8256445047489824
D1070,P431,P504,0.8154848046309696
D1075,P45,P1244,0.9415929203539823
D1075,P45,P30,0.9995575221238939
D1075,P45,P450,0.8083756345177665
D1075,P45,P46,0.9415929203539823
D108,P75,P253,0.9526627218934911
D108,P75,P425,0.830028328611898
D109,P75,P253,0.9526627218934911
D109,P75,P425,0.830028328611898
D1095,P33,P32,0.8619186046511628
D1100,P32,P33,0.8619186046511628
D1104,P32,P33,0.8619186046511628
D1105,P32,P33,0.8619186046511628
D1127,P186,P185,0.8790496760259179
D1127,P186,P187,0.8339587242026266
D1127,P186,P218,0.8790496760259179
D1127,P186,P236,0.8403846153846154
D1129,P236,P185,0.8259615384615384
D1129,P236,P186,0.8403846153846154
D1129,P236,P187,0.975609756097561
D1129,P236,P218,0.825
D1130,P185,P186,0.8790496760259179
D1130,P185,P187,0.8217636022514071
D1130,P185,P218,0.9913606911447084
D1130,P185,P236,0.8259615384615384
D1132,P20,P203,0.9413875598086123
D1132,P20,P732,0.9506024096385541
D1132,P20,P773,0.94377990430622
D1134,P20,P203,0.9413875598086123
D1134,P20,P732,0.9506024096385541
D1134,P20,P773,0.94377990430622
D1139,P20,P203,0.9413875598086123
D1139,P20,P732,0.9506024096385541
D1139,P20,P773,0.94377990430622
D1144,P19,P202,0.960167714884696
D1144,P19,P207,0.9559748427672956
D1144,P19,P621,0.9570230607966457
D1149,P19,P202,0.960167714884696
D1149,P19,P207,0.9559748427672956
D1149,P19,P621,0.9570230607966457
D1156,P19,P202,0.960167714884696
D1156,P19,P207,0.9559748427672956
D1156,P19,P621,0.9570230607966457
D1158,P384,P284,0.8254364089775561
D1158,P434,P264,0.8812080536912752
D1158,P434,P442,0.8751677852348994
D1158,P434,P829,0.8986577181208053
D1158,P52,P176,0.8388077858880778
D1158,P52,P499,0.8362282878411911
D1158,P52,P51,0.8532277710109624
D1159,P284,P384,0.8254364089775561
D1159,P401,P302,0.847752808988764
D1159,P401,P311,0.8634868421052632
D1159,P434,P264,0.8812080536912752
D1159,P434,P442,0.8751677852348994
D1159,P434,P829,0.8986577181208053
D1160,P257,P405,0.8506711409395973
D1160,P32,P33,0.8619186046511628
D1160,P384,P284,0.8254364089775561
D1160,P434,P264,0.8812080536912752
D1160,P434,P442,0.8751677852348994
D1160,P434,P829,0.8986577181208053
D1161,P434,P264,0.8812080536912752
D1161,P434,P442,0.8751677852348994
D1161,P434,P829,0.8986577181208053
D1161,P52,P176,0.8388077858880778
D1161,P52,P499,0.8362282878411911
D1161,P52,P51,0.8532277710109624
D1162,P434,P264,0.8812080536912752
D1162,P434,P442,0.8751677852348994
D1162,P434,P829,0.8986577181208053
D1163,P25,P1058,0.9991735537190083
D1163,P25,P1144,0.9995867768595041
D1163,P25,P1160,0.9995867768595041
D1163,P25,P1229,0.9991735537190083
D1163,P25,P1236,0.9987603305785124
D1163,P25,P168,0.9995867768595041
D1163,P25,P876,0.9991735537190083
D1163,P25,P984,0.9991735537190083
D1163,P52,P176,0.8388077858880778
D1163,P52,P499,0.8362282878411911
D1163,P52,P51,0.8532277710109624
D1164,P264,P434,0.8812080536912752
D1164,P264,P442,0.8972789115646258
D1164,P264,P829,0.9087837837837838
D1164,P284,P384,0.8254364089775561
D1164,P434,P264,0.8812080536912752
D1164,P434,P442,0.8751677852348994
D1164,P434,P829,0.8986577181208053
D1164,P442,P264,0.8972789115646258
D1164,P442,P434,0.8751677852348994
D1164,P442,P829,0.9108108108108108
D1164,P75,P253,0.9526627218934911
D1164,P75,P425,0.830028328611898
D1165,P442,P264,0.8972789115646258
D1165,P442,P434,0.8751677852348994
D1165,P442,P829,0.9108108108108108
D1165,P45,P1244,0.9415929203539823
D1165,P45,P30,0.9995575221238939
D1165,P45,P450,0.8083756345177665
D1165,P45,P46,0.9415929203539823
D1167,P284,P384,0.8254364089775561
D1167,P32,P33,0.8619186046511628
D1168,P52,P176,0.8388077858880778
D1168,P52,P499,0.8362282878411911
D1168,P52,P51,0.8532277710109624
D1169,P32,P33,0.8619186046511628
D1171,P17,P252,0.9186893203883495
D1174,P424,P423,0.8244897959183672
D1175,P424,P423,0.8244897959183672
D1181,P534,P536,0.8091787439613527
D1184,P534,P536,0.8091787439613527
D1186,P534,P536,0.8091787439613527
D1190,P542,P704,0.8123028391167193
D1192,P538,P1,0.8110687022900763
D1192,P538,P2,0.8091603053435115
D1192,P538,P541,0.8129770992366412
D1192,P538,P574,0.8129770992366412
D1192,P538,P684,0.8187022900763359
D1192,P538,P685,0.8053435114503817
D12,P2,P1,0.9961538461538462
D12,P2,P1041,0.8038461538461539
D12,P2,P538,0.8091603053435115
D12,P2,P541,0.8180076628352491
D12,P2,P574,0.9057692307692309
D12,P2,P684,0.8115384615384615
D12,P2,P685,0.8160919540229885
D120,P81,P78,0.9625246548323471
D1210,P547,P1067,0.8219373219373219
D1210,P547,P1216,0.8547008547008548
D1212,P637,P238,0.8256410256410256
D1212,P637,P638,0.8660477453580901
D1212,P639,P241,0.9502369668246445
D1214,P175,P146,0.9797297297297296
D1231,P220,P225,0.961439588688946
D1276,P308,P1253,0.9408866995073892
D1276,P308,P799,0.945273631840796
D1276,P308,P800,0.9768041237113403
D1296,P78,P81,0.9625246548323471
D132,P927,P85,0.8534768211920529
D133,P86,P87,0.9903846153846153
D133,P86,P88,0.9807692307692308
D1331,P1,P1041,0.8076923076923077
D1331,P1,P2,0.9961538461538462
D1331,P1,P538,0.8110687022900763
D1331,P1,P541,0.8199233716475096
D1331,P1,P574,0.9096153846153846
D1331,P1,P684,0.8134615384615385
D1331,P1,P685,0.8160919540229885
D1346,P447,P524,0.8772378516624041
D1386,P606,P171,0.8004672897196261
D1390,P388,P262,0.8963302752293578
D1390,P388,P263,0.8872987477638641
D1402,P611,P189,0.8744939271255061
D1415,P485,P648,0.8269754768392371
D1415,P485,P660,0.810958904109589
D1415,P485,P79,0.8763736263736264
D1415,P485,P997,0.875
D1425,P619,P726,0.9707865168539327
D1425,P619,P735,0.9719101123595506
D1431,P538,P1,0.8110687022900763
D1431,P538,P2,0.8091603053435115
D1431,P538,P541,0.8129770992366412
D1431,P538,P574,0.8129770992366412
D1431,P538,P684,0.8187022900763359
D1431,P538,P685,0.8053435114503817
D144,P91,P1088,0.9972067039106145
D144,P91,P1221,0.9972067039106145
D144,P91,P1252,0.9986033519553073
D144,P91,P457,0.9958333333333333
D144,P91,P530,0.9116094986807388
D144,P91,P83,0.9986033519553073
D144,P91,P975,0.9986033519553073
D144,P91,P980,0.9986033519553073
D1450,P400,P258,0.9224137931034482
D1450,P400,P614,0.9110070257611241
D1451,P49,P172,0.8393536121673004
D1451,P49,P432,0.8241650294695482
D1451,P49,P451,0.8427734375
D1452,P606,P171,0.8004672897196261
D1456,P626,P627,0.9622030237580994
D1457,P627,P626,0.9622030237580994
D1458,P627,P626,0.9622030237580994
D1466,P34,P1080,0.9250720461095101
D1467,P34,P1080,0.9250720461095101
D147,P91,P1088,0.9972067039106145
D147,P91,P1221,0.9972067039106145
D147,P91,P1252,0.9986033519553073
D147,P91,P457,0.9958333333333333
D147,P91,P530,0.9116094986807388
D147,P91,P83,0.9986033519553073
D147,P91,P975,0.9986033519553073
D147,P91,P980,0.9986033519553073
D1476,P429,P657,0.8306962025316456
D1476,P465,P1086,0.849896480331263
D1476,P465,P488,0.849896480331263
D1476,P522,P261,0.8565965583173996
D1476,P522,P443,0.8374760994263862
D1479,P830,P416,0.91875
D1479,P830,P656,0.9033264033264035
D1503,P580,P152,0.9344262295081966
D1511,P580,P152,0.9344262295081966
D1514,P671,P240,0.9648711943793911
D1514,P671,P242,0.9578454332552693
D1525,P676,P1009,0.8516129032258064
D1525,P676,P237,0.8481421647819063
D1526,P572,P199,0.9595238095238094
D1526,P676,P1009,0.8516129032258064
D1526,P676,P237,0.8481421647819063
D1527,P572,P199,0.9595238095238094
D1528,P572,P199,0.9595238095238094
D1535,P678,P659,0.8371559633027523
D1536,P678,P659,0.8371559633027523
D1545,P210,P18,0.9786036036036037
D1545,P210,P243,0.8004484304932735
D1545,P210,P438,0.9831081081081081
D1547,P210,P18,0.9786036036036037
D1547,P210,P243,0.8004484304932735
D1547,P210,P438,0.9831081081081081
D155,P1102,P93,0.9054054054054055
D155,P1102,P98,0.8515625
D155,P99,P101,0.849802371541502
D155,P99,P94,0.8636363636363636
D155,P99,P96,0.8735177865612649
D1552,P180,P291,0.9817596566523605
D1552,P180,P690,0.8270440251572326
D1552,P180,P755,0.8288100208768266
D1554,P212,P1155,0.831918505942275
D1554,P212,P1205,0.831918505942275
D1554,P212,P1250,0.831918505942275
D1554,P212,P133,0.831918505942275
D1554,P212,P134,0.831918505942275
D1554,P212,P135,0.831918505942275
D1554,P212,P136,0.831918505942275
D1554,P212,P137,0.831918505942275
D1554,P212,P138,0.83276740237691
D1554,P212,P139,0.831918505942275
D1554,P212,P140,0.831918505942275
D1554,P212,P141,0.831918505942275
D1554,P212,P142,0.831918505942275
D1554,P212,P143,0.831918505942275
D1554,P212,P144,0.831918505942275
D1554,P212,P211,0.9558573853989814
D1554,P212,P761,0.9584745762711864
D1558,P212,P1155,0.831918505942275
D1558,P212,P1205,0.831918505942275
D1558,P212,P1250,0.831918505942275
D1558,P212,P133,0.831918505942275
D1558,P212,P134,0.831918505942275
D1558,P212,P135,0.831918505942275
D1558,P212,P136,0.831918505942275
D1558,P212,P137,0.831918505942275
D1558,P212,P138,0.83276740237691
D1558,P212,P139,0.831918505942275
D1558,P212,P140,0.831918505942275
D1558,P212,P141,0.831918505942275
D1558,P212,P142,0.831918505942275
D1558,P212,P143,0.831918505942275
D1558,P212,P144,0.831918505942275
D1558,P212,P211,0.9558573853989814
D1558,P212,P761,0.9584745762711864
D1558,P213,P290,0.9934782608695653
D156,P99,P101,0.849802371541502
D156,P99,P94,0.8636363636363636
D156,P99,P96,0.8735177865612649
D1565,P171,P606,0.8004672897196261
D1568,P79,P485,0.8763736263736264
D1568,P79,P648,0.8188010899182561
D1568,P79,P660,0.8150684931506849
D1568,P79,P997,0.9972222222222222
D1569,P79,P485,0.8763736263736264
D1569,P79,P648,0.8188010899182561
D1569,P79,P660,0.8150684931506849
D1569,P79,P997,0.9972222222222222
D1572,P79,P485,0.8763736263736264
D1572,P79,P648,0.8188010899182561
D1572,P79,P660,0.8150684931506849
D1572,P79,P997,0.9972222222222222
D1574,P79,P485,0.8763736263736264
D1574,P79,P648,0.8188010899182561
D1574,P79,P660,0.8150684931506849
D1574,P79,P997,0.9972222222222222
D1596,P538,P1,0.8110687022900763
D1596,P538,P2,0.8091603053435115
D1596,P538,P541,0.8129770992366412
D1596,P538,P574,0.8129770992366412
D1596,P538,P684,0.8187022900763359
D1596,P538,P685,0.8053435114503817
D1598,P685,P1,0.8160919540229885
D1598,P685,P2,0.8160919540229885
D1598,P685,P538,0.8053435114503817
D1598,P685,P541,0.9770114942528736
D1598,P685,P574,0.8103448275862069
D1598,P685,P684,0.9080459770114943
D160,P99,P101,0.849802371541502
D160,P99,P94,0.8636363636363636
D160,P99,P96,0.8735177865612649
D1602,P538,P1,0.8110687022900763
D1602,P538,P2,0.8091603053435115
D1602,P538,P541,0.8129770992366412
D1602,P538,P574,0.8129770992366412
D1602,P538,P684,0.8187022900763359
D1602,P538,P685,0.8053435114503817
D1603,P1,P1041,0.8076923076923077
D1603,P1,P2,0.9961538461538462
D1603,P1,P538,0.8110687022900763
D1603,P1,P541,0.8199233716475096
D1603,P1,P574,0.9096153846153846
D1603,P1,P684,0.8134615384615385
D1603,P1,P685,0.8160919540229885
D1603,P684,P1,0.8134615384615385
D1603,P684,P2,0.8115384615384615
D1603,P684,P538,0.8187022900763359
D1603,P684,P541,0.9118773946360152
D1603,P684,P574,0.823076923076923
D1603,P684,P685,0.9080459770114943
D1606,P1,P1041,0.8076923076923077
D1606,P1,P2,0.9961538461538462
D1606,P1,P538,0.8110687022900763
D1606,P1,P541,0.8199233716475096
D1606,P1,P574,0.9096153846153846
D1606,P1,P684,0.8134615384615385
D1606,P1,P685,0.8160919540229885
D1608,P538,P1,0.8110687022900763
D1608,P538,P2,0.8091603053435115
D1608,P538,P541,0.8129770992366412
D1608,P538,P574,0.8129770992366412
D1608,P538,P684,0.8187022900763359
D1608,P538,P685,0.8053435114503817
D161,P97,P1048,0.988
D161,P97,P1060,0.864
D161,P97,P154,0.988
D161,P97,P155,0.988
D161,P97,P156,0.992
D161,P97,P157,0.988
D161,P97,P158,0.988
D161,P97,P159,0.988
D161,P97,P160,0.988
D161,P97,P161,0.988
D161,P97,P162,0.988
D161,P97,P163,0.988
D161,P97,P95,0.892
D161,P97,P993,0.86
D1610,P538,P1,0.8110687022900763
D1610,P538,P2,0.8091603053435115
D1610,P538,P541,0.8129770992366412
D1610,P538,P574,0.8129770992366412
D1610,P538,P684,0.8187022900763359
D1610,P538,P685,0.8053435114503817
D1612,P241,P639,0.9502369668246445
D1616,P220,P225,0.961439588688946
D1619,P220,P225,0.961439588688946
D1632,P237,P1009,0.9661290322580645
D1632,P237,P676,0.8481421647819063
D1638,P690,P180,0.8270440251572326
D1638,P690,P291,0.8259958071278826
D1638,P690,P755,0.9770354906054279
D1644,P691,P239,0.952914798206278
D1664,P696,P1164,0.9637002341920375
D1665,P1164,P696,0.9637002341920375
D1686,P22,P812,0.9993472584856398
D1697,P22,P812,0.9993472584856398
D1715,P423,P424,0.8244897959183672
D1717,P424,P423,0.8244897959183672
D1718,P423,P424,0.8244897959183672
D1718,P424,P423,0.8244897959183672
D1728,P713,P1220,0.9823369565217391
D1743,P513,P633,0.8492167101827677
D1751,P173,P10,0.9994877049180328
D1751,P173,P13,0.9994877049180328
D1751,P173,P901,0.9989754098360656
D1751,P45,P1244,0.9415929203539823
D1751,P45,P30,0.9995575221238939
D1751,P45,P450,0.8083756345177665
D1751,P45,P46,0.9415929203539823
D1771,P722,P723,0.9678841309823678
D1773,P232,P1056,0.9730769230769231
D1774,P233,P234,0.9645922746781116
D1777,P232,P1056,0.9730769230769231
D1778,P232,P1056,0.9730769230769231
D1782,P1079,P725,0.866504854368932
D1787,P768,P727,0.8956989247311828
D1787,P768,P965,0.8971238938053097
D179,P42,P873,0.8846153846153847
D179,P42,P946,0.9220374220374221
D1793,P534,P536,0.8091787439613527
D1798,P181,P630,0.8862973760932944
D1798,P181,P728,0.8877551020408163
D1799,P728,P181,0.8877551020408163
D1799,P728,P630,0.9633431085043987
D181,P1078,P1085,0.9980582524271845
D181,P1078,P109,0.9990291262135923
D181,P1078,P1199,0.9980582524271845
D181,P1078,P1206,0.9980582524271845
D181,P1078,P1241,0.9980582524271845
D1812,P728,P181,0.8877551020408163
D1812,P728,P630,0.9633431085043987
D1813,P181,P630,0.8862973760932944
D1813,P181,P728,0.8877551020408163
D1814,P181,P630,0.8862973760932944
D1814,P181,P728,0.8877551020408163
D1815,P181,P630,0.8862973760932944
D1815,P181,P728,0.8877551020408163
D1817,P728,P181,0.8877551020408163
D1817,P728,P630,0.9633431085043987
D1819,P728,P181,0.8877551020408163
D1819,P728,P630,0.9633431085043987
D182,P111,P1038,0.9978813559322034
D182,P111,P1097,0.9978813559322034
D182,P111,P110,0.9989406779661018
D182,P111,P112,0.9978813559322034
D182,P111,P113,0.9978813559322034
D182,P111,P114,0.9989406779661018
D182,P111,P1176,0.9978813559322034
D182,P111,P292,0.9989406779661018
D182,P111,P668,0.9862579281183932
D182,P112,P1038,0.9978813559322034
D182,P112,P1097,0.9989406779661018
D182,P112,P110,0.9978813559322034
D182,P112,P111,0.9978813559322034
D182,P112,P113,0.9978813559322034
D182,P112,P114,0.9978813559322034
D182,P112,P1176,0.9978813559322034
D182,P112,P292,0.9989406779661018
D182,P112,P668,0.9862579281183932
D1820,P181,P630,0.8862973760932944
D1820,P181,P728,0.8877551020408163
D1821,P181,P630,0.8862973760932944
D1821,P181,P728,0.8877551020408163
D1826,P184,P229,0.9888579387186629
D1826,P184,P762,0.9763231197771588
D1826,P184,P770,0.9805013927576602
D1826,P184,P774,0.9721448467966574
D1827,P184,P229,0.9888579387186629
D1827,P184,P762,0.9763231197771588
D1827,P184,P770,0.9805013927576602
D1827,P184,P774,0.9721448467966574
D1829,P184,P229,0.9888579387186629
D1829,P184,P762,0.9763231197771588
D1829,P184,P770,0.9805013927576602
D1829,P184,P774,0.9721448467966574
D183,P110,P1038,0.9978813559322034
D183,P110,P1097,0.9978813559322034
D183,P110,P111,0.9989406779661018
D183,P110,P112,0.9978813559322034
D183,P110,P113,0.9978813559322034
D183,P110,P114,0.9978813559322034
D183,P110,P1176,0.9978813559322034
D183,P110,P292,0.9989406779661018
D183,P110,P668,0.9862579281183932
D1830,P184,P229,0.9888579387186629
D1830,P184,P762,0.9763231197771588
D1830,P184,P770,0.9805013927576602
D1830,P184,P774,0.9721448467966574
D184,P1037,P1062,0.9973684210526316
D184,P1037,P1092,0.9973684210526316
D184,P1037,P1124,0.9973684210526316
D184,P1037,P1138,0.9973684210526316
D184,P1037,P115,0.9986842105263157
D184,P1037,P116,0.9973684210526316
D184,P1037,P117,0.9973684210526316
D184,P1037,P1172,0.9973684210526316
D184,P1037,P118,0.9973684210526316
D184,P1037,P1186,0.9986842105263157
D184,P1037,P119,0.9973684210526316
D184,P1037,P120,0.9973684210526316
D184,P1037,P121,0.9973684210526316
D184,P1037,P1218,0.8216957605985037
D184,P1037,P122,0.9973684210526316
D184,P1037,P123,0.9973684210526316
D184,P1037,P124,0.9973684210526316
D184,P1037,P1249,0.9973684210526316
D184,P1037,P125,0.9973684210526316
D184,P1037,P126,0.9973684210526316
D184,P1037,P127,0.9973684210526316
D184,P1037,P128,0.9986842105263157
D184,P1037,P129,0.9986842105263157
D184,P1037,P130,0.9973684210526316
D184,P1037,P131,0.9973684210526316
D184,P1037,P132,0.9973684210526316
D184,P1037,P14,0.8190954773869347
D184,P1037,P15,0.8289473684210527
D184,P1037,P182,0.8263157894736842
D184,P1037,P208,0.9605263157894737
D184,P1037,P217,0.8263157894736842
D184,P1037,P695,0.9697368421052632
D184,P1037,P718,0.81875
D184,P118,P1037,0.9973684210526316
D184,P118,P1062,0.9973684210526316
D184,P118,P1092,0.9973684210526316
D184,P118,P1124,0.9986842105263157
D184,P118,P1138,0.9973684210526316
D184,P118,P115,0.9986842105263157
D184,P118,P116,0.9973684210526316
D184,P118,P117,0.9973684210526316
D184,P118,P1172,0.9973684210526316
D184,P118,P1186,0.9973684210526316
D184,P118,P119,0.9973684210526316
D184,P118,P120,0.9973684210526316
D184,P118,P121,0.9973684210526316
D184,P118,P1218,0.8204488778054863
D184,P118,P122,0.9973684210526316
D184,P118,P123,0.9973684210526316
D184,P118,P124,0.9973684210526316
D184,P118,P1249,0.9973684210526316
D184,P118,P125,0.9973684210526316
D184,P118,P126,0.9973684210526316
D184,P118,P127,0.9973684210526316
D184,P118,P128,0.9973684210526316
D184,P118,P129,0.9973684210526316
D184,P118,P130,0.9973684210526316
D184,P118,P131,0.9973684210526316
D184,P118,P132,0.9973684210526316
D184,P118,P14,0.8178391959798995
D184,P118,P15,0.8289473684210527
D184,P118,P182,0.8263157894736842
D184,P118,P208,0.9605263157894737
D184,P118,P217,0.8263157894736842
D184,P118,P695,0.9697368421052632
D184,P118,P718,0.8175
D184,P120,P1037,0.9973684210526316
D184,P120,P1062,0.9973684210526316
D184,P120,P1092,0.9986842105263157
D184,P120,P1124,0.9973684210526316
D184,P120,P1138,0.9973684210526316
D184,P120,P115,0.9986842105263157
D184,P120,P116,0.9973684210526316
D184,P120,P117,0.9973684210526316
D184,P120,P1172,0.9973684210526316
D184,P120,P118,0.9973684210526316
D184,P120,P1186,0.9973684210526316
D184,P120,P119,0.9973684210526316
D184,P120,P121,0.9973684210526316
D184,P120,P1218,0.8204488778054863
D184,P120,P122,0.9973684210526316
D184,P120,P123,0.9973684210526316
D184,P120,P124,0.9973684210526316
D184,P120,P1249,0.9973684210526316
D184,P120,P125,0.9973684210526316
D184,P120,P126,0.9973684210526316
D184,P120,P127,0.9973684210526316
D184,P120,P128,0.9973684210526316
D184,P120,P129,0.9973684210526316
D184,P120,P130,0.9973684210526316
D184,P120,P131,0.9973684210526316
D184,P120,P132,0.9973684210526316
D184,P120,P14,0.8178391959798995
D184,P120,P15,0.8276315789473685
D184,P120,P182,0.825
D184,P120,P208,0.9605263157894737
D184,P120,P217,0.825
D184,P120,P695,0.9697368421052632
D184,P120,P718,0.8175
D184,P123,P1037,0.9973684210526316
D184,P123,P1062,0.9973684210526316
D184,P123,P1092,0.9973684210526316
D184,P123,P1124,0.9973684210526316
D184,P123,P1138,0.9973684210526316
D184,P123,P115,0.9986842105263157
D184,P123,P116,0.9973684210526316
D184,P123,P117,0.9973684210526316
D184,P123,P1172,0.9973684210526316
D184,P123,P118,0.9973684210526316
D184,P123,P1186,0.9973684210526316
D184,P123,P119,0.9973684210526316
D184,P123,P120,0.9973684210526316
D184,P123,P121,0.9973684210526316
D184,P123,P1218,0.8204488778054863
D184,P123,P122,0.9973684210526316
D184,P123,P124,0.9973684210526316
D184,P123,P1249,0.9973684210526316
D184,P123,P125,0.9973684210526316
D184,P123,P126,0.9973684210526316
D184,P123,P127,0.9973684210526316
D184,P123,P128,0.9973684210526316
D184,P123,P129,0.9973684210526316
D184,P123,P130,0.9973684210526316
D184,P123,P131,0.9973684210526316
D184,P123,P132,0.9973684210526316
D184,P123,P14,0.8178391959798995
D184,P123,P15,0.8276315789473685
D184,P123,P182,0.825
D184,P123,P208,0.9605263157894737
D184,P123,P217,0.825
D184,P123,P695,0.9697368421052632
D184,P123,P718,0.8175
D184,P132,P1037,0.9973684210526316
D184,P132,P1062,0.9973684210526316
D184,P132,P1092,0.9973684210526316
D184,P132,P1124,0.9973684210526316
D184,P132,P1138,0.9973684210526316
D184,P132,P115,0.9986842105263157
D184,P132,P116,0.9973684210526316
D184,P132,P117,0.9973684210526316
D184,P132,P1172,0.9973684210526316
D184,P132,P118,0.9973684210526316
D184,P132,P1186,0.9973684210526316
D184,P132,P119,0.9973684210526316
D184,P132,P120,0.9973684210526316
D184,P132,P121,0.9973684210526316
D184,P132,P1218,0.8204488778054863
D184,P132,P122,0.9973684210526316
D184,P132,P123,0.9973684210526316
D184,P132,P124,0.9973684210526316
D184,P132,P1249,0.9973684210526316
D184,P132,P125,0.9973684210526316
D184,P132,P126,0.9973684210526316
D184,P132,P127,0.9973684210526316
D184,P132,P128,0.9973684210526316
D184,P132,P129,0.9973684210526316
D184,P132,P130,0.9973684210526316
D184,P132,P131,0.9986842105263157
D184,P132,P14,0.8178391959798995
D184,P132,P15,0.8276315789473685
D184,P132,P182,0.825
D184,P132,P208,0.9605263157894737
D184,P132,P217,0.825
D184,P132,P695,0.9697368421052632
D184,P132,P718,0.8175
D1846,P730,P195,0.9253731343283582
D1846,P730,P221,0.964102564102564
D1846,P730,P222,0.9205128205128206
D1846,P730,P731,0.9258793969849246
D185,P133,P1155,0.9975308641975309
D185,P133,P1205,0.9975308641975309
D185,P133,P1250,0.9975308641975309
D185,P133,P134,0.9987654320987654
D185,P133,P135,0.9975308641975309
D185,P133,P136,0.9975308641975309
D185,P133,P137,0.9975308641975309
D185,P133,P138,0.9987654320987654
D185,P133,P139,0.9975308641975309
D185,P133,P140,0.9975308641975309
D185,P133,P141,0.9975308641975309
D185,P133,P142,0.9975308641975309
D185,P133,P143,0.9975308641975309
D185,P133,P144,0.9975308641975309
D185,P133,P211,0.8185689948892675
D185,P133,P212,0.831918505942275
D185,P133,P761,0.8135593220338984
D185,P141,P1155,0.9975308641975309
D185,P141,P1205,0.9987654320987654
D185,P141,P1250,0.9975308641975309
D185,P141,P133,0.9975308641975309
D185,P141,P134,0.9975308641975309
D185,P141,P135,0.9975308641975309
D185,P141,P136,0.9975308641975309
D185,P141,P137,0.9975308641975309
D185,P141,P138,0.9987654320987654
D185,P141,P139,0.9975308641975309
D185,P141,P140,0.9987654320987654
D185,P141,P142,0.9975308641975309
D185,P141,P143,0.9975308641975309
D185,P141,P144,0.9975308641975309
D185,P141,P211,0.8185689948892675
D185,P141,P212,0.831918505942275
D185,P141,P761,0.8135593220338984
D185,P144,P1155,0.9975308641975309
D185,P144,P1205,0.9975308641975309
D185,P144,P1250,0.9975308641975309
D185,P144,P133,0.9975308641975309
D185,P144,P134,0.9975308641975309
D185,P144,P135,0.9975308641975309
D185,P144,P136,0.9975308641975309
D185,P144,P137,0.9975308641975309
D185,P144,P138,0.9987654320987654
D185,P144,P139,0.9975308641975309
D185,P144,P140,0.9975308641975309
D185,P144,P141,0.9975308641975309
D185,P144,P142,0.9975308641975309
D185,P144,P143,0.9987654320987654
D185,P144,P211,0.819420783645656
D185,P144,P212,0.831918505942275
D185,P144,P761,0.8144067796610169
D1859,P196,P724,0.875
D1859,P196,P745,0.8729508196721312
D1877,P203,P20,0.9413875598086123
D1877,P203,P732,0.9461722488038278
D1877,P203,P773,0.94377990430622
D1878,P207,P19,0.9559748427672956
D1878,P207,P202,0.9614561027837258
D1878,P207,P621,0.9935622317596566
D1903,P225,P220,0.961439588688946
D1910,P291,P180,0.9817596566523605
D1910,P291,P690,0.8259958071278826
D1910,P291,P755,0.826722338204593
D1912,P291,P180,0.9817596566523605
D1912,P291,P690,0.8259958071278826
D1912,P291,P755,0.826722338204593
D1916,P215,P555,0.9186320754716981
D1917,P215,P555,0.9186320754716981
D1929,P196,P724,0.875
D1929,P196,P745,0.8729508196721312
D1943,P186,P185,0.8790496760259179
D1943,P186,P187,0.8339587242026266
D1943,P186,P218,0.8790496760259179
D1943,P186,P236,0.8403846153846154
D1956,P735,P619,0.9719101123595506
D1956,P735,P726,0.9775280898876404
D196,P146,P175,0.9797297297297296
D1961,P734,P214,0.972972972972973
D1961,P734,P738,0.9828009828009827
D1962,P730,P195,0.9253731343283582
D1962,P730,P221,0.964102564102564
D1962,P730,P222,0.9205128205128206
D1962,P730,P731,0.9258793969849246
D1969,P232,P1056,0.9730769230769231
D1972,P233,P234,0.9645922746781116
D1973,P232,P1056,0.9730769230769231
D1974,P232,P1056,0.9730769230769231
D1977,P233,P234,0.9645922746781116
D1978,P233,P234,0.9645922746781116
D1995,P744,P439,0.9585987261146498
D1995,P744,P763,0.9543524416135881
D2002,P744,P439,0.9585987261146498
D2002,P744,P763,0.9543524416135881
D2003,P744,P439,0.9585987261146498
D2003,P744,P763,0.9543524416135881
D2008,P745,P196,0.8729508196721312
D2008,P745,P724,0.9045174537987679
D2012,P196,P724,0.875
D2012,P196,P745,0.8729508196721312
D2015,P735,P619,0.9719101123595506
D2015,P735,P726,0.9775280898876404
D202,P146,P175,0.9797297297297296
D2021,P746,P209,0.9420731707317074
D2023,P746,P209,0.9420731707317074
D2024,P746,P209,0.9420731707317074
D2025,P746,P209,0.9420731707317074
D2031,P746,P209,0.9420731707317074
D2034,P746,P209,0.9420731707317074
D2038,P744,P439,0.9585987261146498
D2038,P744,P763,0.9543524416135881
D204,P146,P175,0.9797297297297296
D2040,P744,P439,0.9585987261146498
D2040,P744,P763,0.9543524416135881
D2041,P744,P439,0.9585987261146498
D2041,P744,P763,0.9543524416135881
D2043,P744,P439,0.9585987261146498
D2043,P744,P763,0.9543524416135881
D2055,P735,P619,0.9719101123595506
D2055,P735,P726,0.9775280898876404
D2061,P738,P214,0.972972972972973
D2061,P738,P734,0.9828009828009827
D2067,P738,P214,0.972972972972973
D2067,P738,P734,0.9828009828009827
D2072,P738,P214,0.972972972972973
D2072,P738,P734,0.9828009828009827
D2073,P738,P214,0.972972972972973
D2073,P738,P734,0.9828009828009827
D2076,P738,P214,0.972972972972973
D2076,P738,P734,0.9828009828009827
D2081,P738,P214,0.972972972972973
D2081,P738,P734,0.9828009828009827
D2090,P233,P234,0.9645922746781116
D2092,P232,P1056,0.9730769230769231
D2095,P619,P726,0.9707865168539327
D2095,P619,P735,0.9719101123595506
D210,P146,P175,0.9797297297297296
D2103,P735,P619,0.9719101123595506
D2103,P735,P726,0.9775280898876404
D2105,P233,P234,0.9645922746781116
D2108,P735,P619,0.9719101123595506
D2108,P735,P726,0.9775280898876404
D2109,P735,P619,0.9719101123595506
D2109,P735,P726,0.9775280898876404
D2111,P748,P226,0.8087349397590362
D2111,P748,P227,0.9713855421686747
D2111,P748,P749,0.8132530120481928
D2118,P222,P195,0.9154228855721394
D2118,P222,P221,0.9231770833333333
D2118,P222,P730,0.9205128205128206
D2118,P222,P731,0.9271356783919598
D2123,P233,P234,0.9645922746781116
D2125,P233,P234,0.9645922746781116
D2126,P619,P726,0.9707865168539327
D2126,P619,P735,0.9719101123595506
D2129,P619,P726,0.9707865168539327
D2129,P619,P735,0.9719101123595506
D213,P146,P175,0.9797297297297296
D2157,P735,P619,0.9719101123595506
D2157,P735,P726,0.9775280898876404
D2160,P735,P619,0.9719101123595506
D2160,P735,P726,0.9775280898876404
D2167,P752,P205,0.9337349397590362
D2179,P735,P619,0.9719101123595506
D2179,P735,P726,0.9775280898876404
D2187,P738,P214,0.972972972972973
D2187,P738,P734,0.9828009828009827
D2192,P738,P214,0.972972972972973
D2192,P738,P734,0.9828009828009827
D2197,P686,P1068,0.945796460176991
D2209,P753,P739,0.8876262626262627
D2209,P753,P743,0.8887468030690537
D2209,P753,P896,0.8849104859335039
D2212,P753,P739,0.8876262626262627
D2212,P753,P743,0.8887468030690537
D2212,P753,P896,0.8849104859335039
D2231,P753,P739,0.8876262626262627
D2231,P753,P743,0.8887468030690537
D2231,P753,P896,0.8849104859335039
D2247,P225,P220,0.961439588688946
D2248,P225,P220,0.961439588688946
D2256,P256,P760,0.9058823529411765
D2263,P184,P229,0.9888579387186629
D2263,P184,P762,0.9763231197771588
D2263,P184,P770,0.9805013927576602
D2263,P184,P774,0.9721448467966574
D2274,P686,P1068,0.945796460176991
D2279,P762,P184,0.9763231197771588
D2279,P762,P229,0.9735376044568245
D2279,P762,P770,0.9805013927576602
D2279,P762,P774,0.9623955431754874
D2282,P763,P439,0.9798301486199575
D2282,P763,P744,0.9543524416135881
D2286,P763,P439,0.9798301486199575
D2286,P763,P744,0.9543524416135881
D2287,P763,P439,0.9798301486199575
D2287,P763,P744,0.9543524416135881
D2290,P762,P184,0.9763231197771588
D2290,P762,P229,0.9735376044568245
D2290,P762,P770,0.9805013927576602
D2290,P762,P774,0.9623955431754874
D2299,P761,P1155,0.8135593220338984
D2299,P761,P1205,0.8135593220338984
D2299,P761,P1250,0.8135593220338984
D2299,P761,P133,0.8135593220338984
D2299,P761,P134,0.8135593220338984
D2299,P761,P135,0.8135593220338984
D2299,P761,P136,0.8135593220338984
D2299,P761,P137,0.8135593220338984
D2299,P761,P138,0.8144067796610169
D2299,P761,P139,0.8135593220338984
D2299,P761,P140,0.8135593220338984
D2299,P761,P141,0.8135593220338984
D2299,P761,P142,0.8135593220338984
D2299,P761,P143,0.8135593220338984
D2299,P761,P144,0.8144067796610169
D2299,P761,P211,0.9593220338983051
D2299,P761,P212,0.9584745762711864
D23,P401,P302,0.847752808988764
D23,P401,P311,0.8634868421052632
D23,P6,P11,0.9966666666666666
D23,P6,P12,0.9966666666666666
D23,P6,P4,0.9966666666666666
D23,P6,P5,0.9966666666666666
D23,P6,P7,0.9983333333333333
D23,P6,P8,0.9966666666666666
D23,P6,P9,0.9966666666666666
D23,P6,P994,0.9966666666666666
D23,P7,P11,0.9983333333333333
D23,P7,P12,0.9983333333333333
D23,P7,P4,0.9983333333333333
D23,P7,P5,0.9983333333333333
D23,P7,P6,0.9983333333333333
D23,P7,P8,0.9983333333333333
D23,P7,P9,0.9983333333333333
D23,P7,P994,0.9983333333333333
D2300,P761,P1155,0.8135593220338984
D2300,P761,P1205,0.8135593220338984
D2300,P761,P1250,0.8135593220338984
D2300,P761,P133,0.8135593220338984
D2300,P761,P134,0.8135593220338984
D2300,P761,P135,0.8135593220338984
D2300,P761,P136,0.8135593220338984
D2300,P761,P137,0.8135593220338984
D2300,P761,P138,0.8144067796610169
D2300,P761,P139,0.8135593220338984
D2300,P761,P140,0.8135593220338984
D2300,P761,P141,0.8135593220338984
D2300,P761,P142,0.8135593220338984
D2300,P761,P143,0.8135593220338984
D2300,P761,P144,0.8144067796610169
D2300,P761,P211,0.9593220338983051
D2300,P761,P212,0.9584745762711864
D2302,P761,P1155,0.8135593220338984
D2302,P761,P1205,0.8135593220338984
D2302,P761,P1250,0.8135593220338984
D2302,P761,P133,0.8135593220338984
D2302,P761,P134,0.8135593220338984
D2302,P761,P135,0.8135593220338984
D2302,P761,P136,0.8135593220338984
D2302,P761,P137,0.8135593220338984
D2302,P761,P138,0.8144067796610169
D2302,P761,P139,0.8135593220338984
D2302,P761,P140,0.8135593220338984
D2302,P761,P141,0.8135593220338984
D2302,P761,P142,0.8135593220338984
D2302,P761,P143,0.8135593220338984
D2302,P761,P144,0.8144067796610169
D2302,P761,P211,0.9593220338983051
D2302,P761,P212,0.9584745762711864
D2308,P761,P1155,0.8135593220338984
D2308,P761,P1205,0.8135593220338984
D2308,P761,P1250,0.8135593220338984
D2308,P761,P133,0.8135593220338984
D2308,P761,P134,0.8135593220338984
D2308,P761,P135,0.8135593220338984
D2308,P761,P136,0.8135593220338984
D2308,P761,P137,0.8135593220338984
D2308,P761,P138,0.8144067796610169
D2308,P761,P139,0.8135593220338984
D2308,P761,P140,0.8135593220338984
D2308,P761,P141,0.8135593220338984
D2308,P761,P142,0.8135593220338984
D2308,P761,P143,0.8135593220338984
D2308,P761,P144,0.8144067796610169
D2308,P761,P211,0.9593220338983051
D2308,P761,P212,0.9584745762711864
D2309,P290,P213,0.9934782608695653
D2310,P291,P180,0.9817596566523605
D2310,P291,P690,0.8259958071278826
D2310,P291,P755,0.826722338204593
D2311,P291,P180,0.9817596566523605
D2311,P291,P690,0.8259958071278826
D2311,P291,P755,0.826722338204593
D2312,P761,P1155,0.8135593220338984
D2312,P761,P1205,0.8135593220338984
D2312,P761,P1250,0.8135593220338984
D2312,P761,P133,0.8135593220338984
D2312,P761,P134,0.8135593220338984
D2312,P761,P135,0.8135593220338984
D2312,P761,P136,0.8135593220338984
D2312,P761,P137,0.8135593220338984
D2312,P761,P138,0.8144067796610169
D2312,P761,P139,0.8135593220338984
D2312,P761,P140,0.8135593220338984
D2312,P761,P141,0.8135593220338984
D2312,P761,P142,0.8135593220338984
D2312,P761,P143,0.8135593220338984
D2312,P761,P144,0.8144067796610169
D2312,P761,P211,0.9593220338983051
D2312,P761,P212,0.9584745762711864
D2313,P761,P1155,0.8135593220338984
D2313,P761,P1205,0.8135593220338984
D2313,P761,P1250,0.8135593220338984
D2313,P761,P133,0.8135593220338984
D2313,P761,P134,0.8135593220338984
D2313,P761,P135,0.8135593220338984
D2313,P761,P136,0.8135593220338984
D2313,P761,P137,0.8135593220338984
D2313,P761,P138,0.8144067796610169
D2313,P761,P139,0.8135593220338984
D2313,P761,P140,0.8135593220338984
D2313,P761,P141,0.8135593220338984
D2313,P761,P142,0.8135593220338984
D2313,P761,P143,0.8135593220338984
D2313,P761,P144,0.8144067796610169
D2313,P761,P211,0.9593220338983051
D2313,P761,P212,0.9584745762711864
D2330,P256,P760,0.9058823529411765
D2339,P225,P220,0.961439588688946
D2354,P770,P184,0.9805013927576602
D2354,P770,P229,0.9791086350974931
D2354,P770,P762,0.9805013927576602
D2354,P770,P774,0.9651810584958218
D2380,P211,P1155,0.8185689948892675
D2380,P211,P1205,0.819420783645656
D2380,P211,P1250,0.8185689948892675
D2380,P211,P133,0.8185689948892675
D2380,P211,P134,0.8185689948892675
D2380,P211,P135,0.8185689948892675
D2380,P211,P136,0.8185689948892675
D2380,P211,P137,0.8185689948892675
D2380,P211,P138,0.819420783645656
D2380,P211,P139,0.8185689948892675
D2380,P211,P140,0.8185689948892675
D2380,P211,P141,0.8185689948892675
D2380,P211,P142,0.819420783645656
D2380,P211,P143,0.8185689948892675
D2380,P211,P144,0.819420783645656
D2380,P211,P212,0.9558573853989814
D2380,P211,P761,0.9593220338983051
D2382,P211,P1155,0.8185689948892675
D2382,P211,P1205,0.819420783645656
D2382,P211,P1250,0.8185689948892675
D2382,P211,P133,0.8185689948892675
D2382,P211,P134,0.8185689948892675
D2382,P211,P135,0.8185689948892675
D2382,P211,P136,0.8185689948892675
D2382,P211,P137,0.8185689948892675
D2382,P211,P138,0.819420783645656
D2382,P211,P139,0.8185689948892675
D2382,P211,P140,0.8185689948892675
D2382,P211,P141,0.8185689948892675
D2382,P211,P142,0.819420783645656
D2382,P211,P143,0.8185689948892675
D2382,P211,P144,0.819420783645656
D2382,P211,P212,0.9558573853989814
D2382,P211,P761,0.9593220338983051
D2384,P211,P1155,0.8185689948892675
D2384,P211,P1205,0.819420783645656
D2384,P211,P1250,0.8185689948892675
D2384,P211,P133,0.8185689948892675
D2384,P211,P134,0.8185689948892675
D2384,P211,P135,0.8185689948892675
D2384,P211,P136,0.8185689948892675
D2384,P211,P137,0.8185689948892675
D2384,P211,P138,0.819420783645656
D2384,P211,P139,0.8185689948892675
D2384,P211,P140,0.8185689948892675
D2384,P211,P141,0.8185689948892675
D2384,P211,P142,0.819420783645656
D2384,P211,P143,0.8185689948892675
D2384,P211,P144,0.819420783645656
D2384,P211,P212,0.9558573853989814
D2384,P211,P761,0.9593220338983051
D2385,P207,P19,0.9559748427672956
D2385,P207,P202,0.9614561027837258
D2385,P207,P621,0.9935622317596566
D2388,P775,P1049,0.8235294117647058
D2388,P775,P777,0.9872122762148339
D2390,P775,P1049,0.8235294117647058
D2390,P775,P777,0.9872122762148339
D2393,P775,P1049,0.8235294117647058
D2393,P775,P777,0.9872122762148339
D2395,P775,P1049,0.8235294117647058
D2395,P775,P777,0.9872122762148339
D2399,P775,P1049,0.8235294117647058
D2399,P775,P777,0.9872122762148339
D24,P22,P812,0.9993472584856398
D24,P284,P384,0.8254364089775561
D24,P442,P264,0.8972789115646258
D24,P442,P434,0.8751677852348994
D24,P442,P829,0.9108108108108108
D24,P451,P172,0.8612167300380228
D24,P451,P432,0.822265625
D24,P451,P49,0.8427734375
D24,P451,P577,0.8026070763500931
D24,P475,P1084,0.8377281947261663
D24,P475,P294,0.8117760617760618
D24,P475,P449,0.8023696682464455
D24,P475,P453,0.8199797160243407
D24,P475,P490,0.8397565922920893
D24,P475,P491,0.8049751243781095
D24,P475,P492,0.8351012536162006
D24,P475,P507,0.811623246492986
D24,P49,P172,0.8393536121673004
D24,P49,P432,0.8241650294695482
D24,P49,P451,0.8427734375
D24,P577,P172,0.8165735567970205
D24,P577,P426,0.8677839851024208
D24,P577,P432,0.8044692737430168
D24,P577,P44,0.8696461824953445
D24,P577,P451,0.8026070763500931
D24,P577,P47,0.8687150837988826
D24,P577,P48,0.8687150837988826
D24,P577,P576,0.8867403314917127
D24,P577,P80,0.866852886405959
D2402,P775,P1049,0.8235294117647058
D2402,P775,P777,0.9872122762148339
D2410,P776,P361,0.9688346883468835
D2416,P775,P1049,0.8235294117647058
D2416,P775,P777,0.9872122762148339
D2421,P775,P1049,0.8235294117647058
D2421,P775,P777,0.9872122762148339
D2424,P775,P1049,0.8235294117647058
D2424,P775,P777,0.9872122762148339
D247,P151,P28,0.99002849002849
D247,P151,P402,0.9658119658119657
D2473,P70,P71,0.8445945945945945
D2477,P779,P1005,0.9390625
D248,P56,P448,0.8836065573770492
D248,P56,P529,0.8154362416107382
D248,P56,P834,0.8204697986577181
D2484,P781,P610,0.9993781094527363
D249,P152,P580,0.9344262295081966
D2490,P531,P82,0.9701834862385321
D2509,P1,P1041,0.8076923076923077
D2509,P1,P2,0.9961538461538462
D2509,P1,P538,0.8110687022900763
D2509,P1,P541,0.8199233716475096
D2509,P1,P574,0.9096153846153846
D2509,P1,P684,0.8134615384615385
D2509,P1,P685,0.8160919540229885
D2509,P541,P1,0.8199233716475096
D2509,P541,P2,0.8180076628352491
D2509,P541,P538,0.8129770992366412
D2509,P541,P574,0.814176245210728
D2509,P541,P684,0.9118773946360152
D2509,P541,P685,0.9770114942528736
D2516,P538,P1,0.8110687022900763
D2516,P538,P2,0.8091603053435115
D2516,P538,P541,0.8129770992366412
D2516,P538,P574,0.8129770992366412
D2516,P538,P684,0.8187022900763359
D2516,P538,P685,0.8053435114503817
D2517,P541,P1,0.8199233716475096
D2517,P541,P2,0.8180076628352491
D2517,P541,P538,0.8129770992366412
D2517,P541,P574,0.814176245210728
D2517,P541,P684,0.9118773946360152
D2517,P541,P685,0.9770114942528736
D2520,P538,P1,0.8110687022900763
D2520,P538,P2,0.8091603053435115
D2520,P538,P541,0.8129770992366412
D2520,P538,P574,0.8129770992366412
D2520,P538,P684,0.8187022900763359
D2520,P538,P685,0.8053435114503817
D2522,P538,P1,0.8110687022900763
D2522,P538,P2,0.8091603053435115
D2522,P538,P541,0.8129770992366412
D2522,P538,P574,0.8129770992366412
D2522,P538,P684,0.8187022900763359
D2522,P538,P685,0.8053435114503817
D2525,P541,P1,0.8199233716475096
D2525,P541,P2,0.8180076628352491
D2525,P541,P538,0.8129770992366412
D2525,P541,P574,0.814176245210728
D2525,P541,P684,0.9118773946360152
D2525,P541,P685,0.9770114942528736
D2529,P541,P1,0.8199233716475096
D2529,P541,P2,0.8180076628352491
D2529,P541,P538,0.8129770992366412
D2529,P541,P574,0.814176245210728
D2529,P541,P684,0.9118773946360152
D2529,P541,P685,0.9770114942528736
D253,P157,P1048,0.9959349593495934
D253,P157,P1060,0.8629032258064516
D253,P157,P154,0.9918699186991871
D253,P157,P155,0.9918699186991871
D253,P157,P156,0.9959349593495934
D253,P157,P158,0.9918699186991871
D253,P157,P159,0.9918699186991871
D253,P157,P160,0.9918699186991871
D253,P157,P161,0.9918699186991871
D253,P157,P162,0.9918699186991871
D253,P157,P163,0.9918699186991871
D253,P157,P95,0.8861788617886179
D253,P157,P97,0.988
D253,P157,P993,0.853658536585366
D253,P160,P1048,0.9918699186991871
D253,P160,P1060,0.8629032258064516
D253,P160,P154,0.9918699186991871
D253,P160,P155,0.9918699186991871
D253,P160,P156,0.9959349593495934
D253,P160,P157,0.9918699186991871
D253,P160,P158,0.9918699186991871
D253,P160,P159,0.9918699186991871
D253,P160,P161,0.9918699186991871
D253,P160,P162,0.9918699186991871
D253,P160,P163,0.9918699186991871
D253,P160,P95,0.8861788617886179
D253,P160,P97,0.988
D253,P160,P993,0.853658536585366
D253,P562,P100,0.8347107438016529
D253,P562,P563,0.8283395755305868
D2532,P541,P1,0.8199233716475096
D2532,P541,P2,0.8180076628352491
D2532,P541,P538,0.8129770992366412
D2532,P541,P574,0.814176245210728
D2532,P541,P684,0.9118773946360152
D2532,P541,P685,0.9770114942528736
D2534,P541,P1,0.8199233716475096
D2534,P541,P2,0.8180076628352491
D2534,P541,P538,0.8129770992366412
D2534,P541,P574,0.814176245210728
D2534,P541,P684,0.9118773946360152
D2534,P541,P685,0.9770114942528736
D2562,P735,P619,0.9719101123595506
D2562,P735,P726,0.9775280898876404
D2566,P735,P619,0.9719101123595506
D2566,P735,P726,0.9775280898876404
D2574,P211,P1155,0.8185689948892675
D2574,P211,P1205,0.819420783645656
D2574,P211,P1250,0.8185689948892675
D2574,P211,P133,0.8185689948892675
D2574,P211,P134,0.8185689948892675
D2574,P211,P135,0.8185689948892675
D2574,P211,P136,0.8185689948892675
D2574,P211,P137,0.8185689948892675
D2574,P211,P138,0.819420783645656
D2574,P211,P139,0.8185689948892675
D2574,P211,P140,0.8185689948892675
D2574,P211,P141,0.8185689948892675
D2574,P211,P142,0.819420783645656
D2574,P211,P143,0.8185689948892675
D2574,P211,P144,0.819420783645656
D2574,P211,P212,0.9558573853989814
D2574,P211,P761,0.9593220338983051
D2575,P211,P1155,0.8185689948892675
D2575,P211,P1205,0.819420783645656
D2575,P211,P1250,0.8185689948892675
D2575,P211,P133,0.8185689948892675
D2575,P211,P134,0.8185689948892675
D2575,P211,P135,0.8185689948892675
D2575,P211,P136,0.8185689948892675
D2575,P211,P137,0.8185689948892675
D2575,P211,P138,0.819420783645656
D2575,P211,P139,0.8185689948892675
D2575,P211,P140,0.8185689948892675
D2575,P211,P141,0.8185689948892675
D2575,P211,P142,0.819420783645656
D2575,P211,P143,0.8185689948892675
D2575,P211,P144,0.819420783645656
D2575,P211,P212,0.9558573853989814
D2575,P211,P761,0.9593220338983051
D2583,P211,P1155,0.8185689948892675
D2583,P211,P1205,0.819420783645656
D2583,P211,P1250,0.8185689948892675
D2583,P211,P133,0.8185689948892675
D2583,P211,P134,0.8185689948892675
D2583,P211,P135,0.8185689948892675
D2583,P211,P136,0.8185689948892675
D2583,P211,P137,0.8185689948892675
D2583,P211,P138,0.819420783645656
D2583,P211,P139,0.8185689948892675
D2583,P211,P140,0.8185689948892675
D2583,P211,P141,0.8185689948892675
D2583,P211,P142,0.819420783645656
D2583,P211,P143,0.8185689948892675
D2583,P211,P144,0.819420783645656
D2583,P211,P212,0.9558573853989814
D2583,P211,P761,0.9593220338983051
D2588,P211,P1155,0.8185689948892675
D2588,P211,P1205,0.819420783645656
D2588,P211,P1250,0.8185689948892675
D2588,P211,P133,0.8185689948892675
D2588,P211,P134,0.8185689948892675
D2588,P211,P135,0.8185689948892675
D2588,P211,P136,0.8185689948892675
D2588,P211,P137,0.8185689948892675
D2588,P211,P138,0.819420783645656
D2588,P211,P139,0.8185689948892675
D2588,P211,P140,0.8185689948892675
D2588,P211,P141,0.8185689948892675
D2588,P211,P142,0.819420783645656
D2588,P211,P143,0.8185689948892675
D2588,P211,P144,0.819420783645656
D2588,P211,P212,0.9558573853989814
D2588,P211,P761,0.9593220338983051
D26,P284,P384,0.8254364089775561
D26,P45,P1244,0.9415929203539823
D26,P45,P30,0.9995575221238939
D26,P45,P450,0.8083756345177665
D26,P45,P46,0.9415929203539823
D266,P167,P1064,0.9090056285178236
D27,P22,P812,0.9993472584856398
D27,P32,P33,0.8619186046511628
D2715,P203,P20,0.9413875598086123
D2715,P203,P732,0.9461722488038278
D2715,P203,P773,0.94377990430622
D2730,P735,P619,0.9719101123595506
D2730,P735,P726,0.9775280898876404
D2840,P202,P19,0.960167714884696
D2840,P202,P207,0.9614561027837258
D2840,P202,P621,0.9614561027837258
D31,P17,P252,0.9186893203883495
D333,P172,P426,0.8109640831758034
D333,P172,P432,0.8298479087452473
D333,P172,P44,0.8095684803001877
D333,P172,P451,0.8612167300380228
D333,P172,P47,0.8086303939962476
D333,P172,P48,0.8086303939962476
D333,P172,P49,0.8393536121673004
D333,P172,P576,0.8149171270718232
D333,P172,P577,0.8165735567970205
D333,P172,P80,0.8087686567164178
D333,P79,P485,0.8763736263736264
D333,P79,P648,0.8188010899182561
D333,P79,P660,0.8150684931506849
D333,P79,P997,0.9972222222222222
D338,P173,P10,0.9994877049180328
D338,P173,P13,0.9994877049180328
D338,P173,P901,0.9989754098360656
D340,P173,P10,0.9994877049180328
D340,P173,P13,0.9994877049180328
D340,P173,P901,0.9989754098360656
D344,P173,P10,0.9994877049180328
D344,P173,P13,0.9994877049180328
D344,P173,P901,0.9989754098360656
D348,P173,P10,0.9994877049180328
D348,P173,P13,0.9994877049180328
D348,P173,P901,0.9989754098360656
D353,P173,P10,0.9994877049180328
D353,P173,P13,0.9994877049180328
D353,P173,P901,0.9989754098360656
D3716,P79,P485,0.8763736263736264
D3716,P79,P648,0.8188010899182561
D3716,P79,P660,0.8150684931506849
D3716,P79,P997,0.9972222222222222
D372,P173,P10,0.9994877049180328
D372,P173,P13,0.9994877049180328
D372,P173,P901,0.9989754098360656
D3858,P752,P205,0.9337349397590362
D3878,P638,P637,0.8660477453580901
D389,P173,P10,0.9994877049180328
D389,P173,P13,0.9994877049180328
D389,P173,P901,0.9989754098360656
D39,P19,P202,0.960167714884696
D39,P19,P207,0.9559748427672956
D39,P19,P621,0.9570230607966457
D3947,P225,P220,0.961439588688946
D396,P173,P10,0.9994877049180328
D396,P173,P13,0.9994877049180328
D396,P173,P901,0.9989754098360656
D397,P173,P10,0.9994877049180328
D397,P173,P13,0.9994877049180328
D397,P173,P901,0.9989754098360656
D40,P19,P202,0.960167714884696
D40,P19,P207,0.9559748427672956
D40,P19,P621,0.9570230607966457
D4017,P619,P726,0.9707865168539327
D4017,P619,P735,0.9719101123595506
D406,P173,P10,0.9994877049180328
D406,P173,P13,0.9994877049180328
D406,P173,P901,0.9989754098360656
D4076,P173,P10,0.9994877049180328
D4076,P173,P13,0.9994877049180328
D4076,P173,P901,0.9989754098360656
D4077,P738,P214,0.972972972972973
D4077,P738,P734,0.9828009828009827
D41,P20,P203,0.9413875598086123
D41,P20,P732,0.9506024096385541
D41,P20,P773,0.94377990430622
D4122,P203,P20,0.9413875598086123
D4122,P203,P732,0.9461722488038278
D4122,P203,P773,0.94377990430622
D4133,P775,P1049,0.8235294117647058
D4133,P775,P777,0.9872122762148339
D4146,P291,P180,0.9817596566523605
D4146,P291,P690,0.8259958071278826
D4146,P291,P755,0.826722338204593
D4169,P189,P611,0.8744939271255061
D418,P173,P10,0.9994877049180328
D418,P173,P13,0.9994877049180328
D418,P173,P901,0.9989754098360656
D421,P173,P10,0.9994877049180328
D421,P173,P13,0.9994877049180328
D421,P173,P901,0.9989754098360656
D423,P173,P10,0.9994877049180328
D423,P173,P13,0.9994877049180328
D423,P173,P901,0.9989754098360656
D4236,P211,P1155,0.8185689948892675
D4236,P211,P1205,0.819420783645656
D4236,P211,P1250,0.8185689948892675
D4236,P211,P133,0.8185689948892675
D4236,P211,P134,0.8185689948892675
D4236,P211,P135,0.8185689948892675
D4236,P211,P136,0.8185689948892675
D4236,P211,P137,0.8185689948892675
D4236,P211,P138,0.819420783645656
D4236,P211,P139,0.8185689948892675
D4236,P211,P140,0.8185689948892675
D4236,P211,P141,0.8185689948892675
D4236,P211,P142,0.819420783645656
D4236,P211,P143,0.8185689948892675
D4236,P211,P144,0.819420783645656
D4236,P211,P212,0.9558573853989814
D4236,P211,P761,0.9593220338983051
D424,P173,P10,0.9994877049180328
D424,P173,P13,0.9994877049180328
D424,P173,P901,0.9989754098360656
D4253,P738,P214,0.972972972972973
D4253,P738,P734,0.9828009828009827
D427,P173,P10,0.9994877049180328
D427,P173,P13,0.9994877049180328
D427,P173,P901,0.9989754098360656
D4319,P82,P531,0.9701834862385321
D435,P173,P10,0.9994877049180328
D435,P173,P13,0.9994877049180328
D435,P173,P901,0.9989754098360656
D438,P173,P10,0.9994877049180328
D438,P173,P13,0.9994877049180328
D438,P173,P901,0.9989754098360656
D4384,P32,P33,0.8619186046511628
D445,P173,P10,0.9994877049180328
D445,P173,P13,0.9994877049180328
D445,P173,P901,0.9989754098360656
D4461,P735,P619,0.9719101123595506
D4461,P735,P726,0.9775280898876404
D4476,P202,P19,0.960167714884696
D4476,P202,P207,0.9614561027837258
D4476,P202,P621,0.9614561027837258
D452,P173,P10,0.9994877049180328
D452,P173,P13,0.9994877049180328
D452,P173,P901,0.9989754098360656
D4552,P146,P175,0.9797297297297296
D4593,P181,P630,0.8862973760932944
D4593,P181,P728,0.8877551020408163
D4603,P175,P146,0.9797297297297296
D4606,P761,P1155,0.8135593220338984
D4606,P761,P1205,0.8135593220338984
D4606,P761,P1250,0.8135593220338984
D4606,P761,P133,0.8135593220338984
D4606,P761,P134,0.8135593220338984
D4606,P761,P135,0.8135593220338984
D4606,P761,P136,0.8135593220338984
D4606,P761,P137,0.8135593220338984
D4606,P761,P138,0.8144067796610169
D4606,P761,P139,0.8135593220338984
D4606,P761,P140,0.8135593220338984
D4606,P761,P141,0.8135593220338984
D4606,P761,P142,0.8135593220338984
D4606,P761,P143,0.8135593220338984
D4606,P761,P144,0.8144067796610169
D4606,P761,P211,0.9593220338983051
D4606,P761,P212,0.9584745762711864
D4636,P25,P1058,0.9991735537190083
D4636,P25,P1144,0.9995867768595041
D4636,P25,P1160,0.9995867768595041
D4636,P25,P1229,0.9991735537190083
D4636,P25,P1236,0.9987603305785124
D4636,P25,P168,0.9995867768595041
D4636,P25,P876,0.9991735537190083
D4636,P25,P984,0.9991735537190083
D465,P173,P10,0.9994877049180328
D465,P173,P13,0.9994877049180328
D465,P173,P901,0.9989754098360656
D4703,P735,P619,0.9719101123595506
D4703,P735,P726,0.9775280898876404
D471,P173,P10,0.9994877049180328
D471,P173,P13,0.9994877049180328
D471,P173,P901,0.9989754098360656
D476,P173,P10,0.9994877049180328
D476,P173,P13,0.9994877049180328
D476,P173,P901,0.9989754098360656
D4774,P211,P1155,0.8185689948892675
D4774,P211,P1205,0.819420783645656
D4774,P211,P1250,0.8185689948892675
D4774,P211,P133,0.8185689948892675
D4774,P211,P134,0.8185689948892675
D4774,P211,P135,0.8185689948892675
D4774,P211,P136,0.8185689948892675
D4774,P211,P137,0.8185689948892675
D4774,P211,P138,0.819420783645656
D4774,P211,P139,0.8185689948892675
D4774,P211,P140,0.8185689948892675
D4774,P211,P141,0.8185689948892675
D4774,P211,P142,0.819420783645656
D4774,P211,P143,0.8185689948892675
D4774,P211,P144,0.819420783645656
D4774,P211,P212,0.9558573853989814
D4774,P211,P761,0.9593220338983051
D479,P173,P10,0.9994877049180328
D479,P173,P13,0.9994877049180328
D479,P173,P901,0.9989754098360656
D4794,P734,P214,0.972972972972973
D4794,P734,P738,0.9828009828009827
D48,P22,P812,0.9993472584856398
D4803,P203,P20,0.9413875598086123
D4803,P203,P732,0.9461722488038278
D4803,P203,P773,0.94377990430622
D483,P173,P10,0.9994877049180328
D483,P173,P13,0.9994877049180328
D483,P173,P901,0.9989754098360656
D4848,P2,P1,0.9961538461538462
D4848,P2,P1041,0.8038461538461539
D4848,P2,P538,0.8091603053435115
D4848,P2,P541,0.8180076628352491
D4848,P2,P574,0.9057692307692309
D4848,P2,P684,0.8115384615384615
D4848,P2,P685,0.8160919540229885
D4885,P173,P10,0.9994877049180328
D4885,P173,P13,0.9994877049180328
D4885,P173,P901,0.9989754098360656
D490,P173,P10,0.9994877049180328
D490,P173,P13,0.9994877049180328
D490,P173,P901,0.9989754098360656
D4930,P211,P1155,0.8185689948892675
D4930,P211,P1205,0.819420783645656
D4930,P211,P1250,0.8185689948892675
D4930,P211,P133,0.8185689948892675
D4930,P211,P134,0.8185689948892675
D4930,P211,P135,0.8185689948892675
D4930,P211,P136,0.8185689948892675
D4930,P211,P137,0.8185689948892675
D4930,P211,P138,0.819420783645656
D4930,P211,P139,0.8185689948892675
D4930,P211,P140,0.8185689948892675
D4930,P211,P141,0.8185689948892675
D4930,P211,P142,0.819420783645656
D4930,P211,P143,0.8185689948892675
D4930,P211,P144,0.819420783645656
D4930,P211,P212,0.9558573853989814
D4930,P211,P761,0.9593220338983051
D496,P173,P10,0.9994877049180328
D496,P173,P13,0.9994877049180328
D496,P173,P901,0.9989754098360656
D500,P173,P10,0.9994877049180328
D500,P173,P13,0.9994877049180328
D500,P173,P901,0.9989754098360656
D501,P173,P10,0.9994877049180328
D501,P173,P13,0.9994877049180328
D501,P173,P901,0.9989754098360656
D5033,P1,P1041,0.8076923076923077
D5033,P1,P2,0.9961538461538462
D5033,P1,P538,0.8110687022900763
D5033,P1,P541,0.8199233716475096
D5033,P1,P574,0.9096153846153846
D5033,P1,P684,0.8134615384615385
D5033,P1,P685,0.8160919540229885
D5122,P56,P448,0.8836065573770492
D5122,P56,P529,0.8154362416107382
D5122,P56,P834,0.8204697986577181
D514,P175,P146,0.9797297297297296
D5174,P181,P630,0.8862973760932944
D5174,P181,P728,0.8877551020408163
D519,P175,P146,0.9797297297297296
D520,P175,P146,0.9797297297297296
D524,P175,P146,0.9797297297297296
D5248,P775,P1049,0.8235294117647058
D5248,P775,P777,0.9872122762148339
D5255,P552,P594,0.9696969696969697
D5279,P619,P726,0.9707865168539327
D5279,P619,P735,0.9719101123595506
D529,P175,P146,0.9797297297297296
D5306,P201,P584,0.9739263803680982
D5318,P759,P1082,0.9675675675675676
D5318,P759,P757,0.9702702702702704
D5318,P759,P758,0.9702702702702704
D5325,P22,P812,0.9993472584856398
D5340,P81,P78,0.9625246548323471
D5388,P202,P19,0.960167714884696
D5388,P202,P207,0.9614561027837258
D5388,P202,P621,0.9614561027837258
D5493,P735,P619,0.9719101123595506
D5493,P735,P726,0.9775280898876404
D553,P175,P146,0.9797297297297296
D5541,P275,P270,0.8036072144288577
D5541,P275,P40,0.8036072144288577
D5541,P275,P41,0.8066132264529058
D556,P175,P146,0.9797297297297296
D5573,P580,P152,0.9344262295081966
D56,P22,P812,0.9993472584856398
D568,P175,P146,0.9797297297297296
D573,P175,P146,0.9797297297297296
D574,P175,P146,0.9797297297297296
D5770,P242,P240,0.9765807962529274
D5770,P242,P671,0.9578454332552693
D578,P175,P146,0.9797297297297296
D58,P25,P1058,0.9991735537190083
D58,P25,P1144,0.9995867768595041
D58,P25,P1160,0.9995867768595041
D58,P25,P1229,0.9991735537190083
D58,P25,P1236,0.9987603305785124
D58,P25,P168,0.9995867768595041
D58,P25,P876,0.9991735537190083
D58,P25,P984,0.9991735537190083
D581,P175,P146,0.9797297297297296
D5834,P726,P619,0.9707865168539327
D5834,P726,P735,0.9775280898876404
D584,P175,P146,0.9797297297297296
D5874,P175,P146,0.9797297297297296
D5881,P206,P950,0.924791086350975
D589,P175,P146,0.9797297297297296
D59,P173,P10,0.9994877049180328
D59,P173,P13,0.9994877049180328
D59,P173,P901,0.9989754098360656
D59,P197,P76,0.8256445047489824
D59,P27,P23,0.9954128440366973
D59,P27,P24,0.9984709480122325
D59,P27,P26,0.9984709480122325
D5917,P738,P214,0.972972972972973
D5917,P738,P734,0.9828009828009827
D5919,P1,P1041,0.8076923076923077
D5919,P1,P2,0.9961538461538462
D5919,P1,P538,0.8110687022900763
D5919,P1,P541,0.8199233716475096
D5919,P1,P574,0.9096153846153846
D5919,P1,P684,0.8134615384615385
D5919,P1,P685,0.8160919540229885
D5932,P738,P214,0.972972972972973
D5932,P738,P734,0.9828009828009827
D5938,P724,P196,0.875
D5938,P724,P745,0.9045174537987679
D594,P175,P146,0.9797297297297296
D5956,P192,P1129,0.962655601659751
D5956,P192,P188,0.8868131868131869
D5956,P192,P193,0.9004329004329004
D5956,P192,P249,0.8853711790393013
D5956,P192,P250,0.9025974025974026
D60,P28,P151,0.99002849002849
D60,P28,P402,0.962962962962963
D601,P175,P146,0.9797297297297296
D6030,P292,P1038,0.9989406779661018
D6030,P292,P1097,0.9989406779661018
D6030,P292,P110,0.9989406779661018
D6030,P292,P111,0.9989406779661018
D6030,P292,P112,0.9989406779661018
D6030,P292,P113,0.9989406779661018
D6030,P292,P114,0.9989406779661018
D6030,P292,P1176,0.9989406779661018
D6030,P292,P668,0.9873150105708246
D6035,P211,P1155,0.8185689948892675
D6035,P211,P1205,0.819420783645656
D6035,P211,P1250,0.8185689948892675
D6035,P211,P133,0.8185689948892675
D6035,P211,P134,0.8185689948892675
D6035,P211,P135,0.8185689948892675
D6035,P211,P136,0.8185689948892675
D6035,P211,P137,0.8185689948892675
D6035,P211,P138,0.819420783645656
D6035,P211,P139,0.8185689948892675
D6035,P211,P140,0.8185689948892675
D6035,P211,P141,0.8185689948892675
D6035,P211,P142,0.819420783645656
D6035,P211,P143,0.8185689948892675
D6035,P211,P144,0.819420783645656
D6035,P211,P212,0.9558573853989814
D6035,P211,P761,0.9593220338983051
D618,P180,P291,0.9817596566523605
D618,P180,P690,0.8270440251572326
D618,P180,P755,0.8288100208768266
D6211,P79,P485,0.8763736263736264
D6211,P79,P648,0.8188010899182561
D6211,P79,P660,0.8150684931506849
D6211,P79,P997,0.9972222222222222
D622,P182,P1037,0.8263157894736842
D622,P182,P1062,0.825
D622,P182,P1092,0.825
D622,P182,P1124,0.825
D622,P182,P1138,0.825
D622,P182,P115,0.8263157894736842
D622,P182,P116,0.825
D622,P182,P117,0.825
D622,P182,P1172,0.8263157894736842
D622,P182,P118,0.8263157894736842
D622,P182,P1186,0.8263157894736842
D622,P182,P119,0.8263157894736842
D622,P182,P120,0.825
D622,P182,P121,0.825
D622,P182,P1218,0.8129675810473815
D622,P182,P122,0.8263157894736842
D622,P182,P123,0.825
D622,P182,P124,0.825
D622,P182,P1249,0.825
D622,P182,P125,0.825
D622,P182,P126,0.825
D622,P182,P127,0.8276315789473685
D622,P182,P128,0.8263157894736842
D622,P182,P129,0.8263157894736842
D622,P182,P130,0.825
D622,P182,P131,0.8263157894736842
D622,P182,P132,0.825
D622,P182,P14,0.8103015075376885
D622,P182,P15,0.967741935483871
D622,P182,P208,0.8157894736842105
D622,P182,P217,0.9852150537634409
D622,P182,P695,0.825
D622,P182,P718,0.8125
D6226,P677,P1011,0.9433962264150944
D6226,P677,P219,0.9299191374663073
D6242,P753,P739,0.8876262626262627
D6242,P753,P743,0.8887468030690537
D6242,P753,P896,0.8849104859335039
D625,P184,P229,0.9888579387186629
D625,P184,P762,0.9763231197771588
D625,P184,P770,0.9805013927576602
D625,P184,P774,0.9721448467966574
D6252,P738,P214,0.972972972972973
D6252,P738,P734,0.9828009828009827
D6257,P28,P151,0.99002849002849
D6257,P28,P402,0.962962962962963
D626,P186,P185,0.8790496760259179
D626,P186,P187,0.8339587242026266
D626,P186,P218,0.8790496760259179
D626,P186,P236,0.8403846153846154
D627,P236,P185,0.8259615384615384
D627,P236,P186,0.8403846153846154
D627,P236,P187,0.975609756097561
D627,P236,P218,0.825
D6286,P175,P146,0.9797297297297296
D6289,P180,P291,0.9817596566523605
D6289,P180,P690,0.8270440251572326
D6289,P180,P755,0.8288100208768266
D6294,P738,P214,0.972972972972973
D6294,P738,P734,0.9828009828009827
D63,P29,P417,0.842579250720461
D6323,P175,P146,0.9797297297297296
D633,P1,P1041,0.8076923076923077
D633,P1,P2,0.9961538461538462
D633,P1,P538,0.8110687022900763
D633,P1,P541,0.8199233716475096
D633,P1,P574,0.9096153846153846
D633,P1,P684,0.8134615384615385
D633,P1,P685,0.8160919540229885
D6332,P175,P146,0.9797297297297296
D635,P192,P1129,0.962655601659751
D635,P192,P188,0.8868131868131869
D635,P192,P193,0.9004329004329004
D635,P192,P249,0.8853711790393013
D635,P192,P250,0.9025974025974026
D636,P188,P1129,0.8692946058091287
D636,P188,P192,0.8868131868131869
D636,P188,P193,0.8744588744588744
D636,P188,P249,0.9868995633187774
D636,P188,P250,0.8733766233766234
D6360,P217,P1037,0.8263157894736842
D6360,P217,P1062,0.825
D6360,P217,P1092,0.825
D6360,P217,P1124,0.825
D6360,P217,P1138,0.825
D6360,P217,P115,0.8263157894736842
D6360,P217,P116,0.825
D6360,P217,P117,0.825
D6360,P217,P1172,0.8263157894736842
D6360,P217,P118,0.8263157894736842
D6360,P217,P1186,0.8263157894736842
D6360,P217,P119,0.8263157894736842
D6360,P217,P120,0.825
D6360,P217,P121,0.825
D6360,P217,P1218,0.8104738154613467
D6360,P217,P122,0.8263157894736842
D6360,P217,P123,0.825
D6360,P217,P124,0.825
D6360,P217,P1249,0.825
D6360,P217,P125,0.825
D6360,P217,P126,0.825
D6360,P217,P127,0.8276315789473685
D6360,P217,P128,0.8263157894736842
D6360,P217,P129,0.8263157894736842
D6360,P217,P130,0.825
D6360,P217,P131,0.8263157894736842
D6360,P217,P132,0.825
D6360,P217,P14,0.8115577889447236
D6360,P217,P15,0.9704301075268817
D6360,P217,P182,0.9852150537634409
D6360,P217,P208,0.8197368421052631
D6360,P217,P695,0.825
D6360,P217,P718,0.8125
D640,P196,P724,0.875
D640,P196,P745,0.8729508196721312
D642,P196,P724,0.875
D642,P196,P745,0.8729508196721312
D645,P425,P253,0.8328611898016998
D645,P425,P75,0.830028328611898
D6466,P181,P630,0.8862973760932944
D6466,P181,P728,0.8877551020408163
D6500,P175,P146,0.9797297297297296
D6506,P202,P19,0.960167714884696
D6506,P202,P207,0.9614561027837258
D6506,P202,P621,0.9614561027837258
D6523,P735,P619,0.9719101123595506
D6523,P735,P726,0.9775280898876404
D6549,P726,P619,0.9707865168539327
D6549,P726,P735,0.9775280898876404
D657,P192,P1129,0.962655601659751
D657,P192,P188,0.8868131868131869
D657,P192,P193,0.9004329004329004
D657,P192,P249,0.8853711790393013
D657,P192,P250,0.9025974025974026
D658,P192,P1129,0.962655601659751
D658,P192,P188,0.8868131868131869
D658,P192,P193,0.9004329004329004
D658,P192,P249,0.8853711790393013
D658,P192,P250,0.9025974025974026
D6645,P761,P1155,0.8135593220338984
D6645,P761,P1205,0.8135593220338984
D6645,P761,P1250,0.8135593220338984
D6645,P761,P133,0.8135593220338984
D6645,P761,P134,0.8135593220338984
D6645,P761,P135,0.8135593220338984
D6645,P761,P136,0.8135593220338984
D6645,P761,P137,0.8135593220338984
D6645,P761,P138,0.8144067796610169
D6645,P761,P139,0.8135593220338984
D6645,P761,P140,0.8135593220338984
D6645,P761,P141,0.8135593220338984
D6645,P761,P142,0.8135593220338984
D6645,P761,P143,0.8135593220338984
D6645,P761,P144,0.8144067796610169
D6645,P761,P211,0.9593220338983051
D6645,P761,P212,0.9584745762711864
D668,P202,P19,0.960167714884696
D668,P202,P207,0.9614561027837258
D668,P202,P621,0.9614561027837258
D669,P203,P20,0.9413875598086123
D669,P203,P732,0.9461722488038278
D669,P203,P773,0.94377990430622
D67,P384,P284,0.8254364089775561
D67,P396,P653,0.8411588411588411
D67,P451,P172,0.8612167300380228
D67,P451,P432,0.822265625
D67,P451,P49,0.8427734375
D67,P451,P577,0.8026070763500931
D6741,P1247,P1231,0.9492358078602621
D6743,P761,P1155,0.8135593220338984
D6743,P761,P1205,0.8135593220338984
D6743,P761,P1250,0.8135593220338984
D6743,P761,P133,0.8135593220338984
D6743,P761,P134,0.8135593220338984
D6743,P761,P135,0.8135593220338984
D6743,P761,P136,0.8135593220338984
D6743,P761,P137,0.8135593220338984
D6743,P761,P138,0.8144067796610169
D6743,P761,P139,0.8135593220338984
D6743,P761,P140,0.8135593220338984
D6743,P761,P141,0.8135593220338984
D6743,P761,P142,0.8135593220338984
D6743,P761,P143,0.8135593220338984
D6743,P761,P144,0.8144067796610169
D6743,P761,P211,0.9593220338983051
D6743,P761,P212,0.9584745762711864
D677,P205,P752,0.9337349397590362
D6809,P209,P746,0.9420731707317074
D682,P202,P19,0.960167714884696
D682,P202,P207,0.9614561027837258
D682,P202,P621,0.9614561027837258
D6834,P245,P77,0.997854077253219
D6852,P775,P1049,0.8235294117647058
D6852,P775,P777,0.9872122762148339
D69,P173,P10,0.9994877049180328
D69,P173,P13,0.9994877049180328
D69,P173,P901,0.9989754098360656
D69,P442,P264,0.8972789115646258
D69,P442,P434,0.8751677852348994
D69,P442,P829,0.9108108108108108
D691,P202,P19,0.960167714884696
D691,P202,P207,0.9614561027837258
D691,P202,P621,0.9614561027837258
D693,P732,P20,0.9506024096385541
D693,P732,P203,0.9461722488038278
D693,P732,P773,0.9509569377990431
D6980,P211,P1155,0.8185689948892675
D6980,P211,P1205,0.819420783645656
D6980,P211,P1250,0.8185689948892675
D6980,P211,P133,0.8185689948892675
D6980,P211,P134,0.8185689948892675
D6980,P211,P135,0.8185689948892675
D6980,P211,P136,0.8185689948892675
D6980,P211,P137,0.8185689948892675
D6980,P211,P138,0.819420783645656
D6980,P211,P139,0.8185689948892675
D6980,P211,P140,0.8185689948892675
D6980,P211,P141,0.8185689948892675
D6980,P211,P142,0.819420783645656
D6980,P211,P143,0.8185689948892675
D6980,P211,P144,0.819420783645656
D6980,P211,P212,0.9558573853989814
D6980,P211,P761,0.9593220338983051
D7006,P686,P1068,0.945796460176991
D703,P203,P20,0.9413875598086123
D703,P203,P732,0.9461722488038278
D703,P203,P773,0.94377990430622
D7109,P81,P78,0.9625246548323471
D72,P52,P176,0.8388077858880778
D72,P52,P499,0.8362282878411911
D72,P52,P51,0.8532277710109624
D72,P618,P445,0.9326923076923077
D726,P202,P19,0.960167714884696
D726,P202,P207,0.9614561027837258
D726,P202,P621,0.9614561027837258
D732,P202,P19,0.960167714884696
D732,P202,P207,0.9614561027837258
D732,P202,P621,0.9614561027837258
D735,P207,P19,0.9559748427672956
D735,P207,P202,0.9614561027837258
D735,P207,P621,0.9935622317596566
D737,P695,P1037,0.9697368421052632
D737,P695,P1062,0.9697368421052632
D737,P695,P1092,0.9697368421052632
D737,P695,P1124,0.9697368421052632
D737,P695,P1138,0.9697368421052632
D737,P695,P115,0.9710526315789474
D737,P695,P116,0.9697368421052632
D737,P695,P117,0.9697368421052632
D737,P695,P1172,0.9697368421052632
D737,P695,P118,0.9697368421052632
D737,P695,P1186,0.9697368421052632
D737,P695,P119,0.9697368421052632
D737,P695,P120,0.9697368421052632
D737,P695,P121,0.9697368421052632
D737,P695,P1218,0.8216957605985037
D737,P695,P122,0.9697368421052632
D737,P695,P123,0.9697368421052632
D737,P695,P124,0.9697368421052632
D737,P695,P1249,0.9697368421052632
D737,P695,P125,0.9697368421052632
D737,P695,P126,0.9697368421052632
D737,P695,P127,0.9697368421052632
D737,P695,P128,0.9697368421052632
D737,P695,P129,0.9697368421052632
D737,P695,P130,0.9697368421052632
D737,P695,P131,0.9697368421052632
D737,P695,P132,0.9697368421052632
D737,P695,P14,0.8190954773869347
D737,P695,P15,0.825
D737,P695,P182,0.825
D737,P695,P208,0.9539473684210527
D737,P695,P217,0.825
D737,P695,P718,0.81875
D740,P202,P19,0.960167714884696
D740,P202,P207,0.9614561027837258
D740,P202,P621,0.9614561027837258
D740,P203,P20,0.9413875598086123
D740,P203,P732,0.9461722488038278
D740,P203,P773,0.94377990430622
D741,P773,P20,0.94377990430622
D741,P773,P203,0.94377990430622
D741,P773,P732,0.9509569377990431
D742,P202,P19,0.960167714884696
D742,P202,P207,0.9614561027837258
D742,P202,P621,0.9614561027837258
D746,P213,P290,0.9934782608695653
D746,P291,P180,0.9817596566523605
D746,P291,P690,0.8259958071278826
D746,P291,P755,0.826722338204593
D752,P219,P1011,0.9272237196765498
D752,P219,P677,0.9299191374663073
D77,P47,P172,0.8086303939962476
D77,P47,P426,0.848030018761726
D77,P47,P432,0.802063789868668
D77,P47,P44,0.99906191369606
D77,P47,P48,0.99812382739212
D77,P47,P576,0.8904235727440147
D77,P47,P577,0.8687150837988826
D77,P47,P80,0.9720149253731343
D774,P14,P1037,0.8190954773869347
D774,P14,P1062,0.8178391959798995
D774,P14,P1092,0.8178391959798995
D774,P14,P1124,0.8178391959798995
D774,P14,P1138,0.8178391959798995
D774,P14,P115,0.8190954773869347
D774,P14,P116,0.8178391959798995
D774,P14,P117,0.8178391959798995
D774,P14,P1172,0.8190954773869347
D774,P14,P118,0.8178391959798995
D774,P14,P1186,0.8190954773869347
D774,P14,P119,0.8178391959798995
D774,P14,P120,0.8178391959798995
D774,P14,P121,0.8178391959798995
D774,P14,P1218,0.9576059850374065
D774,P14,P122,0.8178391959798995
D774,P14,P123,0.8178391959798995
D774,P14,P124,0.8178391959798995
D774,P14,P1249,0.8178391959798995
D774,P14,P125,0.8178391959798995
D774,P14,P126,0.8190954773869347
D774,P14,P127,0.8190954773869347
D774,P14,P128,0.8190954773869347
D774,P14,P129,0.8190954773869347
D774,P14,P130,0.8178391959798995
D774,P14,P131,0.8178391959798995
D774,P14,P132,0.8178391959798995
D774,P14,P15,0.8115577889447236
D774,P14,P182,0.8103015075376885
D774,P14,P208,0.821608040201005
D774,P14,P217,0.8115577889447236
D774,P14,P695,0.8190954773869347
D774,P14,P718,0.97
D778,P201,P584,0.9739263803680982
D780,P201,P584,0.9739263803680982
D781,P218,P185,0.9913606911447084
D781,P218,P186,0.8790496760259179
D781,P218,P187,0.8208255159474671
D781,P218,P236,0.825
D788,P222,P195,0.9154228855721394
D788,P222,P221,0.9231770833333333
D788,P222,P730,0.9205128205128206
D788,P222,P731,0.9271356783919598
D79,P176,P499,0.8144768856447688
D79,P176,P51,0.8777372262773723
D79,P176,P52,0.8388077858880778
D79,P52,P176,0.8388077858880778
D79,P52,P499,0.8362282878411911
D79,P52,P51,0.8532277710109624
D795,P208,P1037,0.9605263157894737
D795,P208,P1062,0.9605263157894737
D795,P208,P1092,0.9605263157894737
D795,P208,P1124,0.9605263157894737
D795,P208,P1138,0.9605263157894737
D795,P208,P115,0.9618421052631578
D795,P208,P116,0.9605263157894737
D795,P208,P117,0.9605263157894737
D795,P208,P1172,0.9605263157894737
D795,P208,P118,0.9605263157894737
D795,P208,P1186,0.9605263157894737
D795,P208,P119,0.9605263157894737
D795,P208,P120,0.9605263157894737
D795,P208,P121,0.9605263157894737
D795,P208,P1218,0.8192019950124688
D795,P208,P122,0.9605263157894737
D795,P208,P123,0.9605263157894737
D795,P208,P124,0.9605263157894737
D795,P208,P1249,0.9605263157894737
D795,P208,P125,0.9605263157894737
D795,P208,P126,0.9605263157894737
D795,P208,P127,0.9605263157894737
D795,P208,P128,0.9605263157894737
D795,P208,P129,0.9605263157894737
D795,P208,P130,0.9605263157894737
D795,P208,P131,0.9605263157894737
D795,P208,P132,0.9605263157894737
D795,P208,P14,0.821608040201005
D795,P208,P15,0.8236842105263158
D795,P208,P182,0.8157894736842105
D795,P208,P217,0.8197368421052631
D795,P208,P695,0.9539473684210527
D795,P208,P718,0.8200000000000001
D797,P225,P220,0.961439588688946
D799,P215,P555,0.9186320754716981
D799,P225,P220,0.961439588688946
D80,P53,P411,0.8021472392638036
D804,P225,P220,0.961439588688946
D806,P225,P220,0.961439588688946
D807,P196,P724,0.875
D807,P196,P745,0.8729508196721312
D81,P54,P813,0.802880658436214
D81,P54,P815,0.8471074380165289
D810,P226,P227,0.8117469879518072
D810,P226,P748,0.8087349397590362
D810,P226,P749,0.9489164086687307
D811,P180,P291,0.9817596566523605
D811,P180,P690,0.8270440251572326
D811,P180,P755,0.8288100208768266
D813,P229,P184,0.9888579387186629
D813,P229,P762,0.9735376044568245
D813,P229,P770,0.9791086350974931
D813,P229,P774,0.9763231197771588
D813,P774,P184,0.9721448467966574
D813,P774,P229,0.9763231197771588
D813,P774,P762,0.9623955431754874
D813,P774,P770,0.9651810584958218
D824,P236,P185,0.8259615384615384
D824,P236,P186,0.8403846153846154
D824,P236,P187,0.975609756097561
D824,P236,P218,0.825
D826,P210,P18,0.9786036036036037
D826,P210,P243,0.8004484304932735
D826,P210,P438,0.9831081081081081
D826,P639,P241,0.9502369668246445
D834,P241,P639,0.9502369668246445
D851,P201,P584,0.9739263803680982
D876,P181,P630,0.8862973760932944
D876,P181,P728,0.8877551020408163
D881,P181,P630,0.8862973760932944
D881,P181,P728,0.8877551020408163
D89,P59,P60,0.828810623556582
D899,P188,P1129,0.8692946058091287
D899,P188,P192,0.8868131868131869
D899,P188,P193,0.8744588744588744
D899,P188,P249,0.9868995633187774
D899,P188,P250,0.8733766233766234
D910,P252,P17,0.9186893203883495
D913,P253,P425,0.8328611898016998
D913,P253,P75,0.9526627218934911
D918,P401,P302,0.847752808988764
D918,P401,P311,0.8634868421052632
D919,P434,P264,0.8812080536912752
D919,P434,P442,0.8751677852348994
D919,P434,P829,0.8986577181208053
D919,P442,P264,0.8972789115646258
D919,P442,P434,0.8751677852348994
D919,P442,P829,0.9108108108108108
D919,P52,P176,0.8388077858880778
D919,P52,P499,0.8362282878411911
D919,P52,P51,0.8532277710109624
D919,P648,P485,0.8269754768392371
D919,P648,P660,0.835149863760218
D919,P648,P79,0.8188010899182561
D919,P648,P997,0.8188010899182561
D949,P25,P1058,0.9991735537190083
D949,P25,P1144,0.9995867768595041
D949,P25,P1160,0.9995867768595041
D949,P25,P1229,0.9991735537190083
D949,P25,P1236,0.9987603305785124
D949,P25,P168,0.9995867768595041
D949,P25,P876,0.9991735537190083
D949,P25,P984,0.9991735537190083
D949,P294,P1084,0.8223938223938225
D949,P294,P475,0.8117760617760618
D949,P294,P490,0.8238416988416988
D949,P294,P492,0.8187078109932497
D949,P299,P312,0.8139183055975794
D949,P302,P311,0.8678728070175439
D949,P302,P401,0.847752808988764
D949,P349,P282,0.8993963782696177
D949,P349,P345,0.9042769857433808
D949,P355,P271,0.851470588235294
D949,P355,P369,0.8442192192192193
D949,P398,P422,0.8775906735751295
D949,P399,P330,0.8948126801152738
D949,P402,P151,0.9658119658119657
D949,P402,P28,0.962962962962963
D949,P410,P269,0.8654088050314466
D949,P410,P341,0.8672955974842766
D949,P410,P460,0.8050314465408805
D949,P45,P1244,0.9415929203539823
D949,P45,P30,0.9995575221238939
D949,P45,P450,0.8083756345177665
D949,P45,P46,0.9415929203539823
D949,P453,P1084,0.8079268292682926
D949,P453,P449,0.8554502369668247
D949,P453,P475,0.8199797160243407
D949,P453,P490,0.8089430894308943
D949,P453,P493,0.8125633232016211
D949,P453,P507,0.8607214428857716
D949,P466,P327,0.8419354838709678
D949,P475,P1084,0.8377281947261663
D949,P475,P294,0.8117760617760618
D949,P475,P449,0.8023696682464455
D949,P475,P453,0.8199797160243407
D949,P475,P490,0.8397565922920893
D949,P475,P491,0.8049751243781095
D949,P475,P492,0.8351012536162006
D949,P475,P507,0.811623246492986
D949,P502,P474,0.9874213836477987
D949,P511,P305,0.86337513061651
D949,P56,P448,0.8836065573770492
D949,P56,P529,0.8154362416107382
D949,P56,P834,0.8204697986577181
D949,P653,P396,0.8411588411588411
D951,P192,P1129,0.962655601659751
D951,P192,P188,0.8868131868131869
D951,P192,P193,0.9004329004329004
D951,P192,P249,0.8853711790393013
D951,P192,P250,0.9025974025974026
D954,P192,P1129,0.962655601659751
D954,P192,P188,0.8868131868131869
D954,P192,P193,0.9004329004329004
D954,P192,P249,0.8853711790393013
D954,P192,P250,0.9025974025974026
D955,P192,P1129,0.962655601659751
D955,P192,P188,0.8868131868131869
D955,P192,P193,0.9004329004329004
D955,P192,P249,0.8853711790393013
D955,P192,P250,0.9025974025974026
D956,P192,P1129,0.962655601659751
D956,P192,P188,0.8868131868131869
D956,P192,P193,0.9004329004329004
D956,P192,P249,0.8853711790393013
D956,P192,P250,0.9025974025974026
D957,P186,P185,0.8790496760259179
D957,P186,P187,0.8339587242026266
D957,P186,P218,0.8790496760259179
D957,P186,P236,0.8403846153846154
D958,P185,P186,0.8790496760259179
D958,P185,P187,0.8217636022514071
D958,P185,P218,0.9913606911447084
D958,P185,P236,0.8259615384615384
D958,P186,P185,0.8790496760259179
D958,P186,P187,0.8339587242026266
D958,P186,P218,0.8790496760259179
D958,P186,P236,0.8403846153846154
D960,P192,P1129,0.962655601659751
D960,P192,P188,0.8868131868131869
D960,P192,P193,0.9004329004329004
D960,P192,P249,0.8853711790393013
D960,P192,P250,0.9025974025974026
D970,P292,P1038,0.9989406779661018
D970,P292,P1097,0.9989406779661018
D970,P292,P110,0.9989406779661018
D970,P292,P111,0.9989406779661018
D970,P292,P112,0.9989406779661018
D970,P292,P113,0.9989406779661018
D970,P292,P114,0.9989406779661018
D970,P292,P1176,0.9989406779661018
D970,P292,P668,0.9873150105708246
D971,P292,P1038,0.9989406779661018
D971,P292,P1097,0.9989406779661018
D971,P292,P110,0.9989406779661018
D971,P292,P111,0.9989406779661018
D971,P292,P112,0.9989406779661018
D971,P292,P113,0.9989406779661018
D971,P292,P114,0.9989406779661018
D971,P292,P1176,0.9989406779661018
D971,P292,P668,0.9873150105708246
D986,P25,P1058,0.9991735537190083
D986,P25,P1144,0.9995867768595041
D986,P25,P1160,0.9995867768595041
D986,P25,P1229,0.9991735537190083
D986,P25,P1236,0.9987603305785124
D986,P25,P168,0.9995867768595041
D986,P25,P876,0.9991735537190083
D986,P25,P984,0.9991735537190083
D986,P401,P302,0.847752808988764
D986,P401,P311,0.8634868421052632
D986,P45,P1244,0.9415929203539823
D986,P45,P30,0.9995575221238939
D986,P45,P450,0.8083756345177665
D986,P45,P46,0.9415929203539823
D986,P488,P1086,0.9952380952380953
D986,P488,P465,0.849896480331263
D989,P178,P403,0.8045292014302741
D989,P299,P312,0.8139183055975794
D989,P310,P281,0.8189655172413793
D989,P33,P32,0.8619186046511628
D989,P333,P326,0.8753213367609254
D989,P349,P282,0.8993963782696177
D989,P349,P345,0.9042769857433808
D989,P403,P178,0.8045292014302741
D991,P197,P76,0.8256445047489824
D991,P261,P443,0.8346774193548387
D991,P261,P522,0.8565965583173996
D991,P271,P355,0.851470588235294
D991,P271,P369,0.8536764705882354
D991,P279,P268,0.8641141141141141
D991,P279,P280,0.8655913978494624
D991,P279,P322,0.8862007168458781
D991,P281,P310,0.8189655172413793
D991,P296,P655,0.847980997624703
D991,P33,P32,0.8619186046511628
D991,P332,P324,0.8221544715447153
D991,P349,P282,0.8993963782696177
D991,P349,P345,0.9042769857433808
D991,P384,P284,0.8254364089775561
D991,P403,P178,0.8045292014302741
D991,P419,P810,0.9387096774193548
D991,P422,P398,0.8775906735751295
D991,P443,P261,0.8346774193548387
D991,P443,P522,0.8374760994263862
D991,P457,P1088,0.9930555555555556
D991,P457,P1221,0.9930555555555556
D991,P457,P1252,0.9944444444444445
D991,P457,P530,0.9142480211081794
D991,P457,P83,0.9944444444444445
D991,P457,P91,0.9958333333333333
D991,P457,P975,0.9944444444444445
D991,P457,P980,0.9944444444444445
D991,P475,P1084,0.8377281947261663
D991,P475,P294,0.8117760617760618
D991,P475,P449,0.8023696682464455
D991,P475,P453,0.8199797160243407
D991,P475,P490,0.8397565922920893
D991,P475,P491,0.8049751243781095
D991,P475,P492,0.8351012536162006
D991,P475,P507,0.811623246492986
D991,P499,P176,0.8144768856447688
D991,P499,P51,0.8160779537149817
D991,P499,P52,0.8362282878411911
D991,P501,P461,0.8713318284424381
D991,P501,P515,0.8555304740406321
D991,P502,P474,0.9874213836477987
D991,P511,P305,0.86337513061651
D991,P52,P176,0.8388077858880778
D991,P52,P499,0.8362282878411911
D991,P52,P51,0.8532277710109624
D991,P524,P447,0.8772378516624041
D991,P650,P516,0.8961661341853036
D999,P32,P33,0.8619186046511628
